GEOID,Multi-Family Residential,Multi-Family Residential - 2 to 4 units,Multi-Family Residential - 5+ units,Multi-Family Residential - High-Rise,Multi-Family Residential - Mobile Home Park,Residential  ,Residential - Condo,Residential - Mobile Home Park,Residential - Parking Garage,Residential - Townhouse
13057090100,0.0005178663904712584,0.0002589331952356292,0.0,0.0,0.0,0.8915069911962714,0.006214396685655101,0.10150181253236665,0.0,0.0
13057090200,0.0008862629246676514,0.0008862629246676514,0.0,0.0,0.0,0.8800590841949778,0.01861152141802068,0.09955686853766617,0.0,0.0
13057090300,0.003518940178016974,0.0,0.0,0.00020699648105982198,0.0,0.9345891119850962,0.0,0.03560339474228938,0.0,0.02608155661353757
13057090400,0.01609574907139909,0.004127115146512587,0.004127115146512587,0.0004127115146512588,0.0,0.8345026826248453,0.034667767230705734,0.042509286009079654,0.0,0.06355757325629385
13057090501,0.000856898029134533,0.0,0.0,0.0,0.0,0.9288774635818338,0.0,0.0702656383890317,0.0,0.0
13057090502,0.0,0.0009926543577526306,0.0,0.0,0.0,0.9684335914234663,0.0,0.03057375421878102,0.0,0.0
13057090601,0.022340942204953862,0.0014570179698882952,0.00048567265662943174,0.0,0.0,0.8722680913064594,0.0,0.05293831957260806,0.0,0.0505099562894609
13057090602,0.006199854121079504,0.0010940919037199124,0.00036469730123997083,0.0,0.0,0.9420131291028446,0.0,0.043034281546316555,0.0,0.007293946024799417
13057090701,0.000270929287455974,0.000677323218639935,0.0,0.0,0.0,0.9085613654836088,0.014765646166350583,0.016391221891086428,0.0,0.059333513952858304
13057090702,0.012568735271013355,0.00039277297721916735,0.0,0.0,0.0,0.9147682639434407,0.0,0.060487038491751764,0.0,0.01178318931657502
13057090802,0.0007476635514018691,0.0007476635514018691,0.0,0.0,0.0,0.9760747663551402,0.00037383177570093456,0.02205607476635514,0.0,0.0
13057090803,0.0,0.0012394645513138325,0.0,0.0,0.0,0.9709965294992563,0.0,0.010411502231036193,0.0,0.017352503718393655
13057090804,0.0,0.0,0.0,0.0,0.0,0.8508550602747407,0.025511634426689096,0.026633024950939166,0.0,0.09700028034763106
13057090901,0.00033288948069241014,0.00033288948069241014,0.0,0.0,0.0,0.953728362183755,0.0,0.042942743009320904,0.0,0.002663115845539281
13057090902,0.0004985873358816686,0.00033239155725444574,0.0,0.0,0.0,0.8283197606780788,0.0,0.0016619577862722287,0.0,0.1691873026425129
13057090904,0.00819672131147541,0.0006305170239596469,0.0006305170239596469,0.00031525851197982345,0.0,0.9145649432534678,0.020491803278688523,0.034993694829760405,0.0,0.0201765447667087
13057090905,0.00065359477124183,0.00196078431372549,0.0,0.0,0.0,0.961437908496732,0.027450980392156862,0.00849673202614379,0.0,0.0
13057091001,0.009046624913013222,0.0020876826722338203,0.0006958942240779402,0.0,0.0,0.6263048016701461,0.029923451635351428,0.09324982602644398,0.0,0.23869171885873347
13057091003,0.0018484288354898336,0.0018484288354898336,0.0,0.0,0.0,0.7804990757855823,0.0,0.06146025878003697,0.0,0.15434380776340112
13057091005,0.0004930966469428008,0.0014792899408284023,0.0,0.0,0.0,0.9783037475345168,0.0,0.01972386587771203,0.0,0.0
13057091006,0.0,0.0017964071856287425,0.0,0.0,0.0,0.9730538922155688,0.0,0.0011976047904191617,0.0,0.023952095808383235
13057091007,0.0,0.0,0.0,0.0,0.0,0.9215344376634699,0.05143853530950305,0.0008718395815170009,0.0,0.026155187445510025
13057091008,0.0007485029940119761,0.0007485029940119761,0.0,0.0,0.0,0.9835329341317365,0.014970059880239521,0.0,0.0,0.0
13057091101,0.0,0.00044543429844097997,0.00044543429844097997,0.0,0.0,0.956792873051225,0.0,0.01826280623608018,0.0,0.024053452115812918
13057091102,0.0006727211570803902,0.0003363605785401951,0.0,0.0,0.0,0.9179280188361923,0.0,0.08106289942818702,0.0,0.0
13057091103,0.0005275652862041678,0.0002637826431020839,0.0,0.0,0.0,0.8620416776576101,0.0007913479293062516,0.03402796096016882,0.0,0.10234766552360855
13063040202,0.0,0.0,0.0,0.0,0.0,1.0,0.0,0.0,0.0,0.0
13063040203,0.0,0.0,0.0,0.0,0.0,0.8968888888888888,0.10311111111111111,0.0,0.0,0.0
13063040204,0.0,0.0,0.0,0.0,0.0,1.0,0.0,0.0,0.0,0.0
13063040302,0.0,0.0,0.0,0.0,0.0,1.0,0.0,0.0,0.0,0.0
13063040303,0.0,0.0,0.0,0.0,0.0,1.0,0.0,0.0,0.0,0.0
13063040306,0.0,0.0,0.0,0.0,0.0,1.0,0.0,0.0,0.0,0.0
13063040307,0.0,0.0,0.0,0.0,0.0,1.0,0.0,0.0,0.0,0.0
13063040308,0.0,0.0,0.0,0.0,0.0,0.9199695121951219,0.08003048780487805,0.0,0.0,0.0
13063040407,0.0,0.0,0.0,0.0,0.0,1.0,0.0,0.0,0.0,0.0
13063040408,0.0,0.0,0.0,0.0,0.0,1.0,0.0,0.0,0.0,0.0
13063040409,0.0,0.0,0.0,0.0,0.0,1.0,0.0,0.0,0.0,0.0
13063040410,0.0,0.0,0.0,0.0,0.0,1.0,0.0,0.0,0.0,0.0
13063040411,0.0,0.0,0.0,0.0,0.0,0.9996458923512748,0.0003541076487252125,0.0,0.0,0.0
13063040412,0.0,0.0,0.0,0.0,0.0,0.8998998998998999,0.1001001001001001,0.0,0.0,0.0
13063040413,0.0,0.0,0.0,0.0,0.0,1.0,0.0,0.0,0.0,0.0
13063040414,0.0,0.0,0.0,0.0,0.0,1.0,0.0,0.0,0.0,0.0
13063040415,0.0,0.0,0.0,0.0,0.0,1.0,0.0,0.0,0.0,0.0
13063040416,0.0,0.0,0.0,0.0,0.0,0.9020866773675762,0.09791332263242375,0.0,0.0,0.0
13063040417,0.0,0.0,0.0,0.0,0.0,1.0,0.0,0.0,0.0,0.0
13063040509,0.0,0.0,0.0,0.0,0.0,1.0,0.0,0.0,0.0,0.0
13063040510,0.0,0.0,0.0,0.0,0.0,1.0,0.0,0.0,0.0,0.0
13063040512,0.0,0.0,0.0,0.0,0.0,1.0,0.0,0.0,0.0,0.0
13063040513,0.0,0.0,0.0,0.0,0.0,1.0,0.0,0.0,0.0,0.0
13063040514,0.0,0.0,0.0,0.0,0.0,1.0,0.0,0.0,0.0,0.0
13063040515,0.0,0.0,0.0,0.0,0.0,0.9831365935919055,0.016863406408094434,0.0,0.0,0.0
13063040516,0.0,0.0,0.0,0.0,0.0,1.0,0.0,0.0,0.0,0.0
13063040518,0.0,0.0,0.0,0.0,0.0,1.0,0.0,0.0,0.0,0.0
13063040519,0.0,0.0,0.0,0.0,0.0,1.0,0.0,0.0,0.0,0.0
13063040520,0.0,0.0,0.0,0.0,0.0,0.9982456140350877,0.0,0.0,0.0,0.0017543859649122807
13063040521,0.0,0.0,0.0,0.0,0.0,1.0,0.0,0.0,0.0,0.0
13063040522,0.0,0.0,0.0,0.0,0.0,0.942261427425822,0.057738572574178026,0.0,0.0,0.0
13063040523,0.0,0.0,0.0,0.0,0.0,1.0,0.0,0.0,0.0,0.0
13063040524,0.0,0.0,0.0,0.0,0.0,0.9838274932614556,0.016172506738544475,0.0,0.0,0.0
13063040525,0.0,0.0,0.0,0.0,0.0,0.8854073410922113,0.11459265890778872,0.0,0.0,0.0
13063040526,0.0,0.0,0.0,0.0,0.0,0.9667590027700831,0.0332409972299169,0.0,0.0,0.0
13063040606,0.0,0.0,0.0,0.0,0.0,1.0,0.0,0.0,0.0,0.0
13063040608,0.0,0.0,0.0,0.0,0.0,1.0,0.0,0.0,0.0,0.0
13063040609,0.0,0.0,0.0,0.0,0.0,1.0,0.0,0.0,0.0,0.0
13063040611,0.0,0.0,0.0,0.0,0.0,1.0,0.0,0.0,0.0,0.0
13063040612,0.0,0.0,0.0,0.0,0.0,1.0,0.0,0.0,0.0,0.0
13063040613,0.0,0.0,0.0,0.0,0.0,0.9894304169113329,0.010569583088667059,0.0,0.0,0.0
13063040614,0.0,0.0,0.0,0.0,0.0,0.9995515695067264,0.0,0.0004484304932735426,0.0,0.0
13063040615,0.0,0.0,0.0,0.0,0.0,1.0,0.0,0.0,0.0,0.0
13063040616,0.0,0.0,0.0,0.0,0.0,1.0,0.0,0.0,0.0,0.0
13063040617,0.0,0.0,0.0,0.0,0.0,0.8,0.0,0.2,0.0,0.0
13063040619,0.0,0.0,0.0,0.0,0.0,0.9759326113116726,0.024067388688327317,0.0,0.0,0.0
13063040620,0.0,0.0,0.0,0.0,0.0,0.999418942475305,0.0005810575246949448,0.0,0.0,0.0
13063040621,0.0,0.0,0.0,0.0,0.0,0.9996941896024465,0.0003058103975535168,0.0,0.0,0.0
13063040622,0.0,0.0,0.0,0.0,0.0,1.0,0.0,0.0,0.0,0.0
13067030101,0.0,0.0013315579227696406,0.0,0.0,0.0,0.8901464713715047,0.03561917443408788,0.07290279627163782,0.0,0.0
13067030103,0.0,0.003289473684210526,0.0011961722488038277,0.0,0.0005980861244019139,0.9375,0.02930622009569378,0.028110047846889953,0.0,0.0
13067030104,0.0,0.018698578908002993,0.0029917726252804786,0.0,0.0,0.8107703814510098,0.16753926701570682,0.0,0.0,0.0
13067030106,0.0,0.00290838584585555,0.013087736306349976,0.0004847309743092584,0.0,0.9660688317983519,0.016965584100824042,0.0004847309743092584,0.0,0.0
13067030107,0.0,0.0,0.0,0.0,0.0,0.9650900900900901,0.03490990990990991,0.0,0.0,0.0
13067030209,0.0,0.0003856536829926726,0.0,0.0,0.0,0.9996143463170073,0.0,0.0,0.0,0.0
13067030214,0.0,0.00035714285714285714,0.00035714285714285714,0.0,0.0,0.9992857142857143,0.0,0.0,0.0,0.0
13067030215,0.0,0.0,0.0,0.0,0.0,0.9246031746031746,0.0,0.07539682539682539,0.0,0.0
13067030218,0.0,0.0,0.0,0.0,0.0,0.9994553376906318,0.0,0.0005446623093681918,0.0,0.0
13067030219,0.0,0.0,0.0,0.0,0.0,1.0,0.0,0.0,0.0,0.0
13067030220,0.0,0.0,0.0,0.0,0.0,1.0,0.0,0.0,0.0,0.0
13067030222,0.0,0.0,0.0,0.0,0.0,1.0,0.0,0.0,0.0,0.0
13067030223,0.0,0.0011185682326621924,0.0016778523489932886,0.0005592841163310962,0.0,0.9451901565995525,0.05145413870246085,0.0,0.0,0.0
13067030224,0.0,0.00044306601683650863,0.00044306601683650863,0.00044306601683650863,0.00044306601683650863,0.9787328311918476,0.01949490474080638,0.0,0.0,0.0
13067030226,0.0,0.0,0.0006383657835939994,0.0,0.0,0.8432812001276732,0.15608043408873284,0.0,0.0,0.0
13067030227,0.0004106776180698152,0.0032854209445585215,0.0024640657084188913,0.0,0.0004106776180698152,0.8784394250513347,0.11416837782340862,0.0008213552361396304,0.0,0.0
13067030228,0.0,0.0,0.015224358974358974,0.0,0.0,0.875801282051282,0.10897435897435898,0.0,0.0,0.0
13067030229,0.0,0.000819672131147541,0.0,0.0,0.001639344262295082,0.6040983606557377,0.34672131147540985,0.04672131147540984,0.0,0.0
13067030230,0.0,0.0,0.0011117287381878821,0.0008337965536409116,0.00027793218454697053,0.6939966648137854,0.2723735408560311,0.03140633685380767,0.0,0.0
13067030231,0.0,0.00033090668431502316,0.0,0.0,0.0,0.9811383189940437,0.018530774321641297,0.0,0.0,0.0
13067030232,0.0,0.0009722897423432182,0.0,0.0,0.0009722897423432182,0.9513855128828391,0.0,0.04666990763247448,0.0,0.0
13067030233,0.0,0.0006353240152477764,0.0,0.0,0.0,0.9891994917407878,0.0,0.010165184243964422,0.0,0.0
13067030234,0.0,0.0,0.0,0.0,0.0,1.0,0.0,0.0,0.0,0.0
13067030235,0.0,0.0005938242280285036,0.0,0.0,0.0,0.982185273159145,0.0172209026128266,0.0,0.0,0.0
13067030236,0.0,0.0,0.0,0.0,0.0,1.0,0.0,0.0,0.0,0.0
13067030238,0.0,0.0,0.0,0.0,0.0,0.993439550140581,0.0,0.006560449859418931,0.0,0.0
13067030239,0.0,0.0,0.0,0.0,0.0,1.0,0.0,0.0,0.0,0.0
13067030310,0.0,0.012077294685990338,0.0,0.0,0.0,0.9240855762594893,0.06383712905452035,0.0,0.0,0.0
13067030311,0.0,0.0,0.0,0.0,0.0,0.9995721009841677,0.0,0.0004278990158322636,0.0,0.0
13067030312,0.0,0.0011556240369799693,0.0,0.0,0.0,0.9788135593220338,0.020030816640986132,0.0,0.0,0.0
13067030313,0.0,0.0,0.0,0.0,0.0,0.9904458598726115,0.009554140127388535,0.0,0.0,0.0
13067030314,0.0,0.0,0.0,0.0,0.0,0.9978821037769149,0.0,0.002117896223085069,0.0,0.0
13067030318,0.0,0.00034376074252320387,0.00034376074252320387,0.0,0.0,0.9993124785149536,0.0,0.0,0.0,0.0
13067030319,0.0,0.0,0.0,0.0,0.0,0.6125738850080602,0.3874261149919398,0.0,0.0,0.0
13067030320,0.0,0.0,0.0015054572826496049,0.0,0.0,0.5995483628152051,0.39894617990214526,0.0,0.0,0.0
13067030322,0.0,0.0,0.0,0.0,0.0,0.9992050874403816,0.0,0.000794912559618442,0.0,0.0
13067030324,0.0,0.0,0.0,0.0,0.0,1.0,0.0,0.0,0.0,0.0
13067030326,0.0,0.0006464124111182935,0.0,0.0,0.0,0.9993535875888817,0.0,0.0,0.0,0.0
13067030327,0.0,0.0005649717514124294,0.0,0.0,0.0,0.9983050847457627,0.0011299435028248588,0.0,0.0,0.0
13067030328,0.0,0.0,0.0,0.0,0.0,0.9995843724023276,0.0,0.00041562759767248546,0.0,0.0
13067030329,0.0,0.0,0.0,0.0,0.0,1.0,0.0,0.0,0.0,0.0
13067030330,0.0,0.0004697040864255519,0.0,0.0,0.0,0.9981211836542978,0.0,0.0014091122592766556,0.0,0.0
13067030331,0.0,0.0,0.0,0.0,0.0,1.0,0.0,0.0,0.0,0.0
13067030332,0.0,0.0,0.0,0.0,0.0,0.9908592321755028,0.0,0.009140767824497258,0.0,0.0
13067030333,0.0,0.0008561643835616438,0.0,0.0,0.0,0.9978595890410958,0.0,0.0012842465753424657,0.0,0.0
13067030334,0.0,0.0007457121551081282,0.0,0.0,0.0,0.9313944817300522,0.06785980611483967,0.0,0.0,0.0
13067030335,0.0,0.0005497526113249038,0.0,0.0,0.0,0.999450247388675,0.0,0.0,0.0,0.0
13067030336,0.0,0.0,0.0,0.0,0.0,1.0,0.0,0.0,0.0,0.0
13067030337,0.0,0.0005924170616113745,0.0,0.0,0.0,0.9496445497630331,0.04976303317535545,0.0,0.0,0.0
13067030339,0.0,0.0,0.01735357917570499,0.0,0.0,0.48590021691973967,0.4967462039045553,0.0,0.0,0.0
13067030340,0.0,0.0,0.0,0.0,0.0,1.0,0.0,0.0,0.0,0.0
13067030341,0.0,0.0,0.0,0.0,0.0,1.0,0.0,0.0,0.0,0.0
13067030342,0.0,0.0,0.0,0.0,0.0,1.0,0.0,0.0,0.0,0.0
13067030343,0.0,0.0,0.0,0.0,0.0,1.0,0.0,0.0,0.0,0.0
13067030344,0.0,0.0,0.00980392156862745,0.0,0.0,0.0016339869281045752,0.988562091503268,0.0,0.0,0.0
13067030345,0.0,0.0,0.041189931350114416,0.0,0.0,0.6819221967963387,0.2768878718535469,0.0,0.0,0.0
13067030405,0.0005246589716684155,0.001049317943336831,0.0036726128016789086,0.0,0.0,0.6358866736621196,0.3588667366211962,0.0,0.0,0.0
13067030407,0.0,0.0005030181086519115,0.001006036217303823,0.0,0.0,0.8968812877263581,0.10010060362173039,0.0015090543259557343,0.0,0.0
13067030408,0.0,0.0,0.0021164021164021165,0.0,0.0,0.9619047619047619,0.03597883597883598,0.0,0.0,0.0
13067030409,0.0,0.0,0.0,0.0,0.0,1.0,0.0,0.0,0.0,0.0
13067030410,0.0,0.0008920606601248885,0.0053523639607493305,0.0,0.0,0.911685994647636,0.08206958073148975,0.0,0.0,0.0
13067030411,0.0,0.0,0.02030456852791878,0.0,0.0,0.29441624365482233,0.6852791878172588,0.0,0.0,0.0
13067030412,0.0,0.0,0.011472275334608031,0.0,0.0,0.021032504780114723,0.9598470363288719,0.0076481835564053535,0.0,0.0
13067030413,0.0,0.0,0.013043478260869565,0.0,0.0,0.05217391304347826,0.9347826086956522,0.0,0.0,0.0
13067030414,0.0,0.0,1.0,0.0,0.0,0.0,0.0,0.0,0.0,0.0
13067030502,0.0,0.0,0.0,0.000384172109104879,0.0,0.958893584325778,0.03880138301959278,0.001920860545524395,0.0,0.0
13067030504,0.0,0.010748065348237317,0.0004299226139294927,0.0,0.0,0.7063628546861564,0.2824591573516767,0.0,0.0,0.0
13067030505,0.0,0.001364256480218281,0.036834924965893585,0.0,0.0,0.8171896316507503,0.0,0.1446111869031378,0.0,0.0
13067030506,0.0,0.005934718100890208,0.001483679525222552,0.0,0.0,0.9317507418397626,0.06083086053412463,0.0,0.0,0.0
13067030507,0.0,0.000996512207274539,0.0004982561036372695,0.0,0.0,0.9646238166417539,0.03388141504733433,0.0,0.0,0.0
13067030601,0.0,0.0,0.004481792717086834,0.0005602240896358543,0.0,0.5714285714285714,0.42296918767507,0.0005602240896358543,0.0,0.0
13067030602,0.0,0.0028913672036348617,0.0016522098306484924,0.0,0.0,0.8562577447335812,0.13919867823213547,0.0,0.0,0.0
13067030700,0.0,0.08016194331983806,0.016194331983805668,0.0008097165991902834,0.0,0.8963562753036437,0.006477732793522267,0.0,0.0,0.0
13067030800,0.0,0.11708860759493671,0.0189873417721519,0.0,0.002109704641350211,0.8607594936708861,0.0,0.0010548523206751054,0.0,0.0
13067030901,0.0003700962250185048,0.03737971872686899,0.0014803849000740192,0.0,0.0,0.7527757216876387,0.20503330866025166,0.0029607698001480384,0.0,0.0
13067030902,0.0,0.03020961775585697,0.004932182490752158,0.0012330456226880395,0.0012330456226880395,0.6905055487053021,0.16276202219482122,0.1091245376078915,0.0,0.0
13067030904,0.0,0.08043981481481481,0.005208333333333333,0.0005787037037037037,0.0005787037037037037,0.4409722222222222,0.40046296296296297,0.07175925925925926,0.0,0.0
13067030905,0.0,0.007280291211648466,0.0,0.0,0.0005200208008320333,0.7197087883515341,0.10972438897555903,0.1627665106604264,0.0,0.0
13067031001,0.0,0.01777434312210201,0.01854714064914992,0.0,0.00463678516228748,0.6622874806800618,0.02704791344667697,0.2697063369397218,0.0,0.0
13067031002,0.0006105006105006105,0.004884004884004884,0.03540903540903541,0.0030525030525030525,0.0,0.9096459096459096,0.015873015873015872,0.030525030525030524,0.0,0.0
13067031004,0.0,0.004700352526439483,0.00763807285546416,0.0023501762632197414,0.0,0.8613396004700352,0.12397179788484136,0.0,0.0,0.0
13067031005,0.0,0.0029585798816568047,0.0,0.0,0.000591715976331361,0.9822485207100592,0.0,0.014201183431952662,0.0,0.0
13067031101,0.0,0.035338345864661655,0.009022556390977444,0.0,0.0,0.9548872180451128,0.0007518796992481203,0.0,0.0,0.0
13067031106,0.0,0.0,0.00034698126301179735,0.0,0.00034698126301179735,0.9427480916030534,0.04233171408743928,0.014226231783483692,0.0,0.0
13067031108,0.0,0.030031612223393046,0.01053740779768177,0.0,0.0,0.45732349841938885,0.5015806111696522,0.0005268703898840885,0.0,0.0
13067031110,0.0,0.0033112582781456954,0.008278145695364239,0.0,0.0,0.9081125827814569,0.0802980132450331,0.0,0.0,0.0
13067031111,0.0,0.0,0.0006097560975609756,0.0,0.0,0.3103658536585366,0.6890243902439024,0.0,0.0,0.0
13067031112,0.0,0.017121455323702513,0.0005350454788657035,0.0,0.0,0.962011771000535,0.020331728196896735,0.0,0.0,0.0
13067031113,0.0,0.0,0.0,0.004424778761061947,0.0,0.995575221238938,0.0,0.0,0.0,0.0
13067031114,0.0,0.0,0.011210762331838564,0.0011210762331838565,0.0,0.4024663677130045,0.5840807174887892,0.0011210762331838565,0.0,0.0
13067031115,0.0,0.0212636695018226,0.007290400972053463,0.0,0.0,0.8791008505467801,0.06804374240583232,0.024301336573511544,0.0,0.0
13067031116,0.0,0.0,0.001635322976287817,0.0008176614881439084,0.0,0.7579721995094031,0.19542109566639412,0.044153720359771054,0.0,0.0
13067031117,0.0,0.0,0.0005012531328320802,0.0,0.0,0.98796992481203,0.011027568922305764,0.0005012531328320802,0.0,0.0
13067031118,0.0,0.0005373455131649651,0.0010746910263299302,0.0,0.0005373455131649651,0.876947877485223,0.11821601289629231,0.0026867275658248252,0.0,0.0
13067031205,0.0,0.0,0.0027262813522355507,0.0005452562704471102,0.0,0.40621592148309704,0.5905125408942202,0.0,0.0,0.0
13067031206,0.0,0.0005732301519059903,0.0031527658354829464,0.00028661507595299513,0.0,0.763255947262826,0.23215821152192606,0.0005732301519059903,0.0,0.0
13067031207,0.0,0.0,0.009453781512605041,0.0,0.0,0.4411764705882353,0.5493697478991597,0.0,0.0,0.0
13067031208,0.0,0.0019455252918287938,0.008754863813229572,0.0,0.0,0.7101167315175098,0.2791828793774319,0.0,0.0,0.0
13067031209,0.0,0.0031397174254317113,0.0,0.0,0.0,0.869178440607012,0.12768184196755625,0.0,0.0,0.0
13067031211,0.0,0.0,0.013574660633484163,0.0,0.0,0.6334841628959276,0.35294117647058826,0.0,0.0,0.0
13067031212,0.0,0.0,0.0,0.0,0.0,0.8526315789473684,0.14736842105263157,0.0,0.0,0.0
13067031306,0.0,0.0405982905982906,0.002136752136752137,0.0,0.0,0.8404558404558404,0.11609686609686609,0.0007122507122507123,0.0,0.0
13067031307,0.0,0.0036319612590799033,0.0,0.0,0.0008071025020177562,0.9741727199354318,0.013720742534301856,0.007667473769168685,0.0,0.0
13067031308,0.0,0.022208121827411168,0.006979695431472081,0.0,0.0,0.9701776649746193,0.0,0.0006345177664974619,0.0,0.0
13067031309,0.0,0.003968253968253968,0.0,0.0,0.001443001443001443,0.8589466089466089,0.04329004329004329,0.09235209235209235,0.0,0.0
13067031310,0.0,0.0,0.004123711340206186,0.003092783505154639,0.004123711340206186,0.35876288659793815,0.19175257731958764,0.4381443298969072,0.0,0.0
13067031311,0.0,0.003131991051454139,0.0044742729306487695,0.00044742729306487697,0.0008948545861297539,0.7682326621923937,0.15794183445190157,0.06487695749440715,0.0,0.0
13067031312,0.0,0.005282620179609086,0.004226096143687269,0.0,0.0002641310089804543,0.8357105124141574,0.07897517168515583,0.07554146856840993,0.0,0.0
13067031313,0.0,0.0005326231691078562,0.0002663115845539281,0.0,0.0002663115845539281,0.9272969374167777,0.07163781624500666,0.0,0.0,0.0
13067031404,0.0,0.007874015748031496,0.0,0.0,0.0,0.9921259842519685,0.0,0.0,0.0,0.0
13067031405,0.0,0.0,0.0003551136363636364,0.0,0.0003551136363636364,0.9556107954545454,0.025923295454545456,0.01775568181818182,0.0,0.0
13067031406,0.0,0.0012399256044637321,0.0037197768133911966,0.0024798512089274642,0.0,0.7179169249845009,0.27464352138871667,0.0,0.0,0.0
13067031408,0.0004432624113475177,0.012854609929078014,0.0031028368794326243,0.0,0.0004432624113475177,0.9259751773049646,0.02349290780141844,0.03368794326241135,0.0,0.0
13067031409,0.0,0.029244871235268442,0.0,0.00043649061545176777,0.0,0.9048450458315146,0.06460061108686163,0.0008729812309035355,0.0,0.0
13067031503,0.0,0.0009375,0.0,0.0003125,0.0,0.9984375,0.0,0.0003125,0.0,0.0
13067031505,0.0,0.0038022813688212928,0.0004224757076468103,0.0,0.0004224757076468103,0.9615547106041402,0.018588931136459652,0.015209125475285171,0.0,0.0
13067031506,0.0,0.0024975024975024975,0.0,0.0,0.0,0.9555444555444556,0.04195804195804196,0.0,0.0,0.0
13067031507,0.0,0.0008650519031141869,0.0,0.0,0.0,0.7949826989619377,0.2041522491349481,0.0,0.0,0.0
13067031508,0.0,0.0004764173415912339,0.0,0.0,0.0,0.9733206288708909,0.026202953787517864,0.0,0.0,0.0
13067031509,0.0,0.0002809778027535825,0.0,0.0,0.0,0.983141331834785,0.016577690362461366,0.0,0.0,0.0
13089020100,0.00625,0.0140625,0.0,0.0,0.0,0.89375,0.0296875,0.0,0.0,0.05625
13089020200,0.024,0.027428571428571427,0.0,0.0,0.0,0.3577142857142857,0.38742857142857146,0.0,0.0,0.20342857142857143
13089020300,0.005928853754940711,0.05533596837944664,0.0,0.0,0.0,0.8306982872200264,0.021080368906455864,0.0,0.0,0.08695652173913043
13089020400,0.017,0.062,0.0,0.0,0.0,0.644,0.233,0.0,0.0,0.044
13089020500,0.009359251259899209,0.04463642908567315,0.0,0.0,0.0,0.7804175665946724,0.07271418286537078,0.0,0.0,0.09287257019438445
13089020600,0.008323424494649227,0.052318668252080855,0.0,0.0,0.0,0.5267538644470868,0.21878715814506539,0.0,0.0,0.1938168846611177
13089020700,0.017985611510791366,0.026378896882494004,0.0,0.0,0.0,0.8093525179856115,0.11151079136690648,0.0,0.0,0.03477218225419664
13089020801,0.0008038585209003215,0.017684887459807074,0.0,0.0,0.0,0.9815112540192926,0.0,0.0,0.0,0.0
13089020802,0.0027416038382453737,0.0075394105551747775,0.0006854009595613434,0.0,0.0,0.9684715558601782,0.0,0.0,0.0,0.0205620287868403
13089020900,0.005656108597285068,0.012443438914027148,0.0,0.0003770739064856712,0.0,0.9419306184012066,0.005656108597285068,0.0,0.0,0.033936651583710405
13089021101,0.0006882312456985547,0.007570543702684102,0.0,0.0,0.0,0.9841706813489333,0.007570543702684102,0.0,0.0,0.0
13089021102,0.004087889626980072,0.0015329586101175269,0.0,0.0,0.0,0.6392437404190087,0.2723556463975473,0.0,0.0,0.08277976494634645
13089021202,0.0007137758743754461,0.0,0.0,0.0,0.0,0.7640970735189151,0.19557458957887222,0.0,0.0,0.03961456102783726
13089021204,0.09749303621169916,0.14763231197771587,0.0,0.0,0.0,0.7493036211699164,0.005571030640668524,0.0,0.0,0.0
13089021208,0.02040816326530612,0.0,0.0,0.0,0.0,0.6354679802955665,0.32653061224489793,0.0,0.0,0.017593244194229415
13089021209,0.008441193021947102,0.0061902082160945416,0.0011254924029262803,0.0,0.0,0.6162070906021384,0.148564997186269,0.0,0.0,0.21947101857062465
13089021210,0.0,0.0,0.0,0.0,0.0,0.9953445065176909,0.004655493482309125,0.0,0.0,0.0
13089021211,0.0009606147934678194,0.0,0.0,0.0,0.0,0.9140249759846302,0.07108549471661864,0.0,0.0,0.013928914505283382
13089021213,0.0,0.0,0.0,0.0,0.0,0.9537712895377128,0.0040551500405515,0.0,0.0,0.042173560421735604
13089021214,0.0,0.0,0.0,0.0,0.0,0.9489700374531835,0.02762172284644195,0.0,0.0,0.023408239700374533
13089021215,0.007897334649555774,0.0,0.0,0.0,0.0,0.4215202369200395,0.3780848963474827,0.0,0.0,0.192497532082922
13089021216,0.007506255212677231,0.0,0.0,0.0,0.0,0.8015012510425354,0.09424520433694746,0.0,0.0,0.09674728940783987
13089021217,0.0037926675094816687,0.0,0.0,0.0,0.0,0.8470290771175727,0.10366624525916561,0.0,0.0,0.045512010113780026
13089021218,0.005739795918367347,0.0,0.0,0.0,0.0,0.13584183673469388,0.7665816326530612,0.0,0.0,0.09183673469387756
13089021301,0.02869757174392936,0.0,0.0,0.0,0.0,0.5827814569536424,0.08167770419426049,0.0,0.0,0.3068432671081678
13089021303,0.006404391582799634,0.024702653247941447,0.0,0.0,0.0,0.7648673376029277,0.06678865507776761,0.0,0.0,0.1372369624885636
13089021305,0.009345794392523364,0.0,0.0,0.0,0.0,0.8489096573208723,0.04361370716510903,0.0,0.0,0.09813084112149532
13089021306,0.006486486486486486,0.03783783783783784,0.0,0.0,0.0,0.7372972972972973,0.005405405405405406,0.0,0.0,0.21297297297297296
13089021307,0.006278026905829596,0.0026905829596412557,0.0,0.0,0.0,0.9228699551569507,0.026905829596412557,0.0,0.0,0.04125560538116592
13089021308,0.005434782608695652,0.06159420289855073,0.0,0.0,0.0,0.8161231884057971,0.0806159420289855,0.0,0.0,0.036231884057971016
13089021405,0.005011135857461025,0.008908685968819599,0.0,0.0,0.0,0.7783964365256125,0.11469933184855234,0.0,0.0,0.09298440979955457
13089021409,0.025157232704402517,0.0,0.0,0.0,0.0,0.8742138364779874,0.0,0.0,0.0,0.10062893081761007
13089021410,0.015069967707212056,0.03336921420882669,0.0,0.0,0.0,0.6663078579117331,0.2378902045209903,0.0,0.0,0.04736275565123789
13089021411,0.008728179551122194,0.006234413965087282,0.0,0.0,0.0,0.8229426433915212,0.09850374064837905,0.0,0.0,0.06359102244389027
13089021412,0.0033156498673740055,0.027188328912466843,0.0,0.0,0.0,0.8759946949602122,0.002652519893899204,0.0,0.0,0.09084880636604775
13089021413,0.03178484107579462,0.0,0.0,0.0,0.0,0.8215158924205379,0.06356968215158924,0.0,0.0,0.08312958435207823
13089021414,0.07462686567164178,0.0,0.0,0.0,0.0,0.3482587064676617,0.527363184079602,0.0,0.0,0.04975124378109453
13089021415,0.007272727272727273,0.017272727272727273,0.0,0.0,0.0,0.8172727272727273,0.004545454545454545,0.0,0.0,0.15363636363636363
13089021416,0.007722007722007722,0.005148005148005148,0.0,0.0,0.0,0.3307593307593308,0.11711711711711711,0.0,0.0,0.5392535392535392
13089021417,0.02553191489361702,0.0,0.0,0.0,0.0,0.29148936170212764,0.5468085106382978,0.0,0.0,0.13617021276595745
13089021502,0.00812407680945347,0.022156573116691284,0.0,0.0,0.0,0.8264401772525849,0.1432791728212703,0.0,0.0,0.0
13089021503,0.00562429696287964,0.0,0.0,0.0,0.0,0.6141732283464567,0.1597300337457818,0.0,0.0,0.2204724409448819
13089021504,0.005614035087719298,0.0077192982456140355,0.0,0.0,0.0,0.5866666666666667,0.2926315789473684,0.0,0.0,0.10736842105263159
13089021602,0.0033467202141900937,0.0,0.002008032128514056,0.0,0.0,0.6479250334672021,0.19477911646586346,0.0,0.0,0.15194109772423026
13089021603,0.005092297899427116,0.0,0.0,0.0,0.0,0.6053469127943985,0.31890515595162316,0.0,0.0,0.07065563335455124
13089021604,0.0014194464158978,0.0007097232079489,0.0,0.0,0.0,0.8843151171043293,0.056068133427963095,0.0,0.0,0.057487579843860895
13089021605,0.012148823082763858,0.007593014426727411,0.0,0.0,0.0,0.8625664388762339,0.08428246013667426,0.0,0.0,0.033409263477600606
13089021703,0.0,0.0,0.0,0.0,0.0,0.9945975148568341,0.005402485143165856,0.0,0.0,0.0
13089021704,0.0018148820326678765,0.0009074410163339383,0.0,0.0,0.0,0.8697822141560798,0.10571687840290381,0.0,0.0,0.021778584392014518
13089021705,0.010752688172043012,0.0,0.0,0.0,0.0,0.6043010752688172,0.3655913978494624,0.0,0.0,0.01935483870967742
13089021706,0.001488833746898263,0.0,0.0,0.0,0.0,0.7846153846153846,0.2138957816377171,0.0,0.0,0.0
13089021805,0.005649717514124294,0.001738374619730552,0.0,0.0,0.0,0.8778791829639288,0.09083007388092133,0.0,0.0,0.023902651021295088
13089021806,0.007308160779537149,0.04628501827040195,0.0,0.0,0.0,0.7423873325213155,0.04141291108404385,0.0,0.0,0.16260657734470157
13089021808,0.002828854314002829,0.0,0.0,0.0,0.0,0.7807637906647807,0.16548797736916548,0.0,0.0,0.05091937765205092
13089021809,0.000683526999316473,0.0,0.0,0.0,0.0,0.9501025290498974,0.025974025974025976,0.0,0.0,0.02323991797676008
13089021810,0.001541623843782117,0.0,0.0,0.0,0.0,0.84224049331963,0.1104830421377184,0.0,0.0,0.045734840698869475
13089021812,0.0011363636363636363,0.0,0.0,0.0,0.0,0.6954545454545454,0.0875,0.0,0.0,0.2159090909090909
13089021813,0.09523809523809523,0.0,0.0,0.0,0.0,0.9047619047619048,0.0,0.0,0.0,0.0
13089021814,0.008598452278589854,0.0,0.0,0.0,0.0,0.34995700773860705,0.3035253654342218,0.0,0.0,0.3379191745485813
13089021906,0.0016375545851528383,0.060589519650655024,0.0,0.0,0.0,0.8471615720524017,0.08187772925764192,0.0,0.0,0.008733624454148471
13089021907,0.004930662557781202,0.0036979969183359015,0.0,0.0,0.0,0.9161787365177195,0.024961479198767334,0.0003081664098613251,0.0,0.04992295839753467
13089021908,0.010476190476190476,0.0009523809523809524,0.0,0.0,0.0,0.6028571428571429,0.11333333333333333,0.0,0.0,0.2723809523809524
13089021909,0.012686567164179104,0.004477611940298508,0.0,0.0,0.0,0.7216417910447761,0.1783582089552239,0.0,0.0,0.08283582089552238
13089021910,0.0011448196908986834,0.0,0.0,0.0,0.0,0.6101888952489983,0.25586720091585574,0.0,0.0,0.1327990841442473
13089021911,0.08235294117647059,0.0,0.0,0.0,0.0,0.011764705882352941,0.0,0.0,0.0,0.9058823529411765
13089021912,0.001924310455420141,0.0,0.0,0.0,0.0,0.9826812059012188,0.015394483643361129,0.0,0.0,0.0
13089021913,0.06451612903225806,0.0,0.0,0.0,0.0,0.6920821114369502,0.10557184750733138,0.0,0.0,0.1378299120234604
13089022001,0.0029655990510083037,0.0005931198102016608,0.0,0.0,0.0,0.9567022538552787,0.005931198102016607,0.0,0.0,0.033807829181494664
13089022004,0.0011198208286674132,0.0005599104143337066,0.0,0.0,0.0,0.7491601343784995,0.2110862262038074,0.0,0.0,0.03807390817469205
13089022005,0.02854122621564482,0.0010570824524312897,0.0,0.0,0.0,0.5824524312896406,0.3224101479915433,0.0,0.0,0.06553911205073996
13089022007,0.05741626794258373,0.019138755980861243,0.0,0.0,0.0,0.5287081339712919,0.30861244019138756,0.0,0.0,0.0861244019138756
13089022008,0.03617269544924154,0.010501750291715286,0.0,0.0,0.0,0.661610268378063,0.14585764294049008,0.0,0.0,0.14585764294049008
13089022009,0.0213903743315508,0.00267379679144385,0.0,0.0,0.0,0.2192513368983957,0.3609625668449198,0.0,0.0,0.39572192513368987
13089022010,0.005813953488372093,0.0,0.0,0.0,0.0,0.9786821705426356,0.015503875968992248,0.0,0.0,0.0
13089022100,0.006785934608266502,0.013571869216533004,0.0,0.0,0.0,0.7717458359037631,0.09130166563849476,0.0,0.0,0.11659469463294263
13089022203,0.0163265306122449,0.01020408163265306,0.0,0.0,0.0,0.6408163265306123,0.2693877551020408,0.0,0.0,0.06326530612244897
13089022204,0.007798440311937612,0.00599880023995201,0.0,0.0,0.0,0.7318536292741452,0.16316736652669467,0.0,0.0,0.09118176364727054
13089022301,0.004760015866719556,0.0035700119000396666,0.0003966679888932963,0.0,0.0,0.6711622372074574,0.28282427608092026,0.0,0.0,0.03728679095596985
13089022302,0.0035790980672870437,0.009305654974946313,0.0,0.0,0.0,0.901932712956335,0.08518253400143164,0.0,0.0,0.0
13089022401,0.008017492711370262,0.02259475218658892,0.0,0.0,0.0,0.7274052478134111,0.18513119533527697,0.0,0.0,0.056851311953352766
13089022402,0.03763440860215054,0.0,0.0,0.0,0.0,0.9301075268817204,0.0,0.0,0.0,0.03225806451612903
13089022403,0.0031308703819661866,0.01628052598622417,0.0,0.0,0.0,0.9279899812147777,0.050720100187852224,0.0,0.0,0.001878522229179712
13089022500,0.008919722497522299,0.018334985133795837,0.0014866204162537165,0.0009910802775024777,0.0,0.678394449950446,0.2309217046580773,0.0,0.0,0.06095143706640238
13089022600,0.010819165378670788,0.015842349304482226,0.0,0.0,0.0,0.5370942812982998,0.31375579598145287,0.0,0.0,0.12248840803709428
13089022700,0.012987012987012988,0.02411873840445269,0.0,0.0,0.0,0.9066171923314781,0.019789734075448363,0.0,0.0,0.036487322201607914
13089022800,0.01400329489291598,0.018945634266886325,0.0,0.0,0.0,0.8632619439868204,0.07495881383855024,0.0,0.0,0.028830313014827018
13089022900,0.008840353614144566,0.009880395215808632,0.0,0.0,0.0,0.8294331773270931,0.07904316172646905,0.0,0.0,0.07280291211648465
13089023000,0.005827505827505828,0.002331002331002331,0.0,0.0,0.0,0.7389277389277389,0.24708624708624707,0.0,0.0,0.005827505827505828
13089023101,0.025040827436037017,0.011431682090364725,0.0,0.0,0.0,0.9074578116494284,0.0010887316276537834,0.0,0.0,0.054980947196516056
13089023102,0.20159857904085257,0.0008880994671403197,0.0,0.0,0.0,0.7300177619893428,0.003552397868561279,0.0,0.0,0.06394316163410302
13089023107,0.0015495867768595042,0.007747933884297521,0.0,0.0,0.0,0.952995867768595,0.03770661157024793,0.0,0.0,0.0
13089023108,0.0034482758620689655,0.02482758620689655,0.0,0.0,0.0,0.8724137931034482,0.03517241379310345,0.0,0.0,0.06413793103448276
13089023111,0.0,0.0,0.0,0.0,0.0,0.7861799217731421,0.02607561929595828,0.0,0.0,0.1877444589308996
13089023112,0.02546296296296296,0.03935185185185185,0.0,0.0,0.0,0.6921296296296297,0.11342592592592593,0.0,0.0,0.12962962962962962
13089023113,0.012578616352201259,0.0031446540880503146,0.0,0.0,0.0,0.5959119496855346,0.09905660377358491,0.0,0.0,0.2893081761006289
13089023114,0.0,0.0,0.0,0.0,0.0,0.9938461538461538,0.006153846153846154,0.0,0.0,0.0
13089023115,0.0,0.0,0.0,0.0,0.0,1.0,0.0,0.0,0.0,0.0
13089023204,0.00038819875776397513,0.0007763975155279503,0.0,0.0,0.0,0.9083850931677019,0.008928571428571428,0.0,0.0,0.08152173913043478
13089023206,0.003051881993896236,0.00033909799932180403,0.0,0.0,0.0,0.8904713462190573,0.007799253984401492,0.00033909799932180403,0.0,0.09799932180400135
13089023208,0.0009337068160597573,0.0,0.0,0.0,0.0,0.8604108309990663,0.03221288515406162,0.0,0.0,0.10644257703081232
13089023209,0.0005235602094240838,0.0005235602094240838,0.0,0.0,0.0,0.9979057591623036,0.0010471204188481676,0.0,0.0,0.0
13089023210,0.0027839643652561247,0.0005567928730512249,0.0,0.0,0.0,0.9532293986636972,0.0016703786191536749,0.0,0.0,0.04175946547884187
13089023211,0.002103049421661409,0.0,0.0,0.0,0.0,0.9926393270241851,0.005257623554153523,0.0,0.0,0.0
13089023212,0.0016433853738701725,0.0,0.0,0.0,0.0,0.952341824157765,0.04601479046836483,0.0,0.0,0.0
13089023213,0.0037641154328732747,0.0006273525721455458,0.0,0.0,0.0,0.9422835633626098,0.003136762860727729,0.0,0.0,0.050188205771643665
13089023214,0.002403846153846154,0.0006009615384615385,0.0,0.0,0.0,0.7223557692307693,0.12860576923076922,0.0,0.0,0.14603365384615385
13089023303,0.008396305625524769,0.008816120906801008,0.0,0.0,0.0,0.8127623845507976,0.07346767422334173,0.0,0.0,0.09655751469353484
13089023306,0.0019142419601837673,0.0,0.0,0.0,0.0,0.9452526799387443,0.006125574272588055,0.0,0.0,0.04670750382848392
13089023309,0.0005403944879762226,0.0045933531477978925,0.0,0.0,0.0,0.7414212375033775,0.0010807889759524452,0.0,0.0,0.252364225884896
13089023310,0.010672358591248666,0.0048025613660619,0.0,0.0,0.0,0.6814300960512273,0.08431163287086446,0.0,0.0,0.21878335112059766
13089023311,0.0012978585334198572,0.0,0.0,0.0,0.0,0.9759896171317326,0.006489292667099286,0.0,0.0,0.016223231667748216
13089023312,0.0005737234652897303,0.0,0.0,0.0,0.0,0.8568559954102123,0.010900745840504877,0.0,0.0,0.1316695352839931
13089023313,0.0009420631182289214,0.0,0.0,0.0,0.0,0.8186528497409327,0.010833725859632595,0.0,0.0,0.16957136128120584
13089023314,0.0008399832003359933,0.00041999160016799666,0.0,0.0,0.0,0.8576228475430492,0.022259554808903823,0.0,0.0,0.11885762284754305
13089023315,0.006402561024409764,0.0,0.0,0.0,0.0,0.9747899159663865,0.01840736294517807,0.00040016006402561027,0.0,0.0
13089023316,0.0010760401721664275,0.0,0.0,0.0,0.0,0.9652080344332855,0.002152080344332855,0.0003586800573888092,0.0,0.031205164992826398
13089023410,0.014423076923076924,0.0,0.0016025641025641025,0.0,0.0,0.7836538461538461,0.05128205128205128,0.0,0.0,0.14903846153846154
13089023411,0.0014134275618374558,0.0,0.0,0.0,0.0,0.9830388692579505,0.015547703180212015,0.0,0.0,0.0
13089023412,0.002297794117647059,0.0009191176470588235,0.0,0.0,0.0,0.9393382352941176,0.05744485294117647,0.0,0.0,0.0
13089023413,0.0028388928317956,0.0,0.0,0.0,0.0,0.9616749467707594,0.0099361249112846,0.0,0.0,0.0255500354861604
13089023414,0.002331002331002331,0.0,0.0,0.0,0.0,0.9827505827505828,0.014452214452214453,0.0,0.0,0.0004662004662004662
13089023416,0.0028854080791426216,0.0,0.0,0.0,0.0,0.9896949711459192,0.00741962077493817,0.0,0.0,0.0
13089023418,0.00797373358348968,0.0,0.0,0.0,0.0,0.9180737961225766,0.02470293933708568,0.0,0.0,0.04924953095684803
13089023419,0.0030907558302894073,0.0030907558302894073,0.0,0.0,0.0,0.9828603540320314,0.010958134307389716,0.0,0.0,0.0
13089023421,0.00265352539802881,0.0,0.0,0.0,0.0,0.4927975739196361,0.22365428354814254,0.0,0.0,0.28089461713419256
13089023422,0.0019351717464925011,0.0024189646831156266,0.0,0.0,0.0,0.9583938074504113,0.0038703434929850023,0.0,0.0,0.033381712626995644
13089023423,0.0034423407917383822,0.0,0.0,0.0,0.0,0.9438898450946643,0.04509466437177281,0.0,0.0,0.007573149741824441
13089023424,0.003036437246963563,0.0,0.0,0.0,0.0,0.978744939271255,0.018218623481781375,0.0,0.0,0.0
13089023425,0.0013850415512465374,0.0004616805170821791,0.0,0.0,0.0,0.7677746999076639,0.055863342566943676,0.0,0.0,0.1745152354570637
13089023426,0.0011661807580174927,0.0,0.0,0.0,0.0,0.9970845481049563,0.001749271137026239,0.0,0.0,0.0
13089023427,0.0,0.0,0.0,0.0,0.0,0.9871244635193133,0.006008583690987125,0.0,0.0,0.0068669527896995704
13089023428,0.005761843790012804,0.0,0.0,0.0,0.0,0.39500640204865556,0.35691421254801536,0.0,0.0,0.24231754161331626
13089023501,0.005185825410544511,0.003457216940363008,0.0,0.0,0.0,0.9878997407087294,0.003457216940363008,0.0,0.0,0.0
13089023504,0.004993757802746567,0.02122347066167291,0.0,0.0,0.0,0.9737827715355806,0.0,0.0,0.0,0.0
13089023505,0.0,0.003527336860670194,0.0,0.0,0.0,0.8897707231040565,0.05026455026455026,0.0,0.0,0.0564373897707231
13089023506,0.001942690626517727,0.0,0.0,0.0,0.0,0.9096648858669257,0.03739679456046625,0.0,0.0,0.05099562894609033
13089023507,0.0006257822277847309,0.0006257822277847309,0.0,0.0,0.0,0.9680851063829787,0.0006257822277847309,0.0,0.0,0.030037546933667083
13089023601,0.0007898894154818325,0.018167456556082148,0.0,0.0,0.0,0.9036334913112164,0.030805687203791468,0.0,0.0,0.04660347551342812
13089023602,0.0029498525073746312,0.010816125860373648,0.0,0.0,0.0,0.9734513274336283,0.012782694198623401,0.0,0.0,0.0
13089023603,0.005176876617773943,0.006902502157031924,0.0,0.0,0.0,0.9680759275237274,0.01984469370146678,0.0,0.0,0.0
13089023700,0.004899292324442025,0.005443658138268917,0.0,0.0,0.0,0.8524768644529124,0.004899292324442025,0.0,0.0,0.13228089275993468
13089023801,0.009126466753585397,0.002607561929595828,0.0,0.0,0.0,0.7861799217731421,0.07866145154280747,0.0,0.0,0.12342459800086919
13089023802,0.08432539682539683,0.0,0.0,0.0,0.0,0.9097222222222222,0.005952380952380952,0.0,0.0,0.0
13089023803,0.00042052144659377626,0.0,0.0,0.0,0.0,0.9457527333894029,0.010513036164844407,0.0,0.0,0.043313708999158956
13089980000,0.0,0.0,0.0,0.0,0.0,1.0,0.0,0.0,0.0,0.0
13097080102,0.0017231476163124641,0.0034462952326249283,0.0,0.0,0.0,0.858701895462378,0.0,0.13612866168868468,0.0,0.0
13097080103,0.0042158516020236085,0.0387858347386172,0.0,0.0,0.0,0.7124789207419899,0.0,0.18043844856661045,0.0,0.06408094435075885
13097080201,0.0,0.0023719165085388993,0.0,0.0,0.0,0.8339658444022771,0.0,0.16366223908918406,0.0,0.0
13097080202,0.0010570824524312897,0.0035236081747709656,0.0,0.0,0.0,0.916138125440451,0.0,0.041578576462297394,0.0,0.03770260747004933
13097080301,0.0027100271002710027,0.01823109140182311,0.0,0.0,0.0,0.8918452820891846,0.025868440502586843,0.03917220990391722,0.0,0.022172949002217297
13097080303,0.0007072135785007072,0.04172560113154172,0.0,0.0,0.0,0.7475247524752475,0.0,0.18528995756718528,0.0,0.024752475247524754
13097080304,0.003987240829346092,0.05342902711323764,0.0,0.0,0.0,0.7049441786283892,0.0,0.0,0.0,0.23763955342902712
13097080402,0.0,0.0009096422073984233,0.0,0.0,0.0,0.9796846573681018,0.002425712553062462,0.016979987871437233,0.0,0.0
13097080403,0.0006090133982947625,0.0018270401948842874,0.0,0.0,0.0,0.9792935444579781,0.0,0.018270401948842874,0.0,0.0
13097080404,0.0,0.0010416666666666667,0.0,0.0,0.0,0.8524305555555556,0.0,0.14652777777777778,0.0,0.0
13097080505,0.0,0.018651362984218076,0.0,0.0,0.0,0.9791965566714491,0.0,0.0014347202295552368,0.0,0.0007173601147776184
13097080506,0.0,0.0004572473708276177,0.0,0.0,0.0,0.8710562414266118,0.0,0.12848651120256058,0.0,0.0
13097080507,0.0,0.0031007751937984496,0.0,0.0,0.0,0.9627906976744186,0.0,0.034108527131782945,0.0,0.0
13097080508,0.0019749835418038184,0.003949967083607637,0.0,0.0,0.0,0.9269256089532587,0.0,0.0006583278472679394,0.0,0.06649111257406189
13097080509,0.0,0.0009029345372460496,0.0,0.0,0.0,0.9959367945823928,0.0,0.002257336343115124,0.0,0.0009029345372460496
13097080510,0.0,0.0,0.0,0.0,0.0,0.968524838832006,0.0,0.03147516116799393,0.0,0.0
13097080511,0.0,0.000314070351758794,0.0,0.0,0.0,0.9974874371859297,0.0,0.0021984924623115578,0.0,0.0
13097080602,0.0,0.002407318247472316,0.0,0.0,0.0,0.9614829080404429,0.005777563793933558,0.01781415503129514,0.0,0.012518054886856042
13097080603,0.0003856536829926726,0.0015426147319706903,0.0,0.0,0.0,0.9664481295796374,0.024681835711531045,0.004627844195912071,0.0,0.0023139220979560356
13097080604,0.0,0.0,0.0,0.0,0.0,0.9958677685950413,0.0,0.004132231404958678,0.0,0.0
13113140101,0.0,0.0,0.0,0.0,0.0,1.0,0.0,0.0,0.0,0.0
13113140102,0.0,0.0,0.0,0.0,0.0,1.0,0.0,0.0,0.0,0.0
13113140203,0.0,0.0,0.0,0.0,0.0,1.0,0.0,0.0,0.0,0.0
13113140204,0.0,0.0,0.0,0.0,0.0,1.0,0.0,0.0,0.0,0.0
13113140206,0.0007047216349541931,0.0,0.0,0.0,0.0,0.9992952783650458,0.0,0.0,0.0,0.0
13113140207,0.0015923566878980893,0.0,0.0,0.0,0.0,0.9984076433121019,0.0,0.0,0.0,0.0
13113140208,0.0016168148746968471,0.0,0.0,0.0,0.0,0.9983831851253031,0.0,0.0,0.0,0.0
13113140303,0.0011574074074074073,0.0,0.0,0.0,0.0,0.9988425925925926,0.0,0.0,0.0,0.0
13113140304,0.0,0.0,0.0,0.0,0.0,1.0,0.0,0.0,0.0,0.0
13113140305,0.0,0.0,0.0,0.0,0.0,1.0,0.0,0.0,0.0,0.0
13113140306,0.0008631851532153647,0.0,0.0,0.00043159257660768235,0.0,0.998705222270177,0.0,0.0,0.0,0.0
13113140307,0.0,0.0,0.0,0.0,0.0,1.0,0.0,0.0,0.0,0.0
13113140403,0.0,0.0004623208506703652,0.0,0.0,0.0,0.9995376791493297,0.0,0.0,0.0,0.0
13113140404,0.000998003992015968,0.0,0.0,0.0,0.0,0.999001996007984,0.0,0.0,0.0,0.0
13113140405,0.0,0.0,0.0,0.0,0.0,1.0,0.0,0.0,0.0,0.0
13113140406,0.0007027406886858749,0.0,0.0,0.0,0.0,0.9992972593113141,0.0,0.0,0.0,0.0
13113140407,0.004104477611940298,0.0,0.0,0.0,0.0,0.9958955223880597,0.0,0.0,0.0,0.0
13113140408,0.0,0.0,0.0,0.0,0.0,1.0,0.0,0.0,0.0,0.0
13113140501,0.0,0.0,0.0,0.0,0.0,1.0,0.0,0.0,0.0,0.0
13113140502,0.0,0.0,0.0,0.0,0.0,1.0,0.0,0.0,0.0,0.0
13117130101,0.0,0.0,0.0,0.0,0.0,0.9299319727891157,0.0,0.07006802721088436,0.0,0.0
13117130102,0.0,0.0,0.0,0.0,0.0,0.9426406926406926,0.0,0.05735930735930736,0.0,0.0
13117130103,0.0,0.0,0.0,0.0,0.0,0.8801389693109438,0.0,0.11986103068905617,0.0,0.0
13117130104,0.0,0.0,0.0,0.0,0.0,0.9740119112073633,0.0,0.02598808879263671,0.0,0.0
13117130105,0.0,0.0,0.0,0.0,0.0,0.7802313354363828,0.0,0.21976866456361724,0.0,0.0
13117130201,0.0,0.0,0.0,0.0,0.0,0.9531468531468531,0.0,0.04685314685314685,0.0,0.0
13117130202,0.0,0.0,0.0,0.0,0.0,0.9753825681969395,0.0,0.024617431803060547,0.0,0.0
13117130203,0.0,0.0,0.0,0.0,0.0,0.9234782608695652,0.0,0.07652173913043478,0.0,0.0
13117130204,0.0,0.0,0.0,0.0,0.0,0.9737394957983193,0.0,0.026260504201680673,0.0,0.0
13117130205,0.0,0.0,0.0,0.0,0.0,0.9512893982808023,0.0,0.048137535816618914,0.0,0.0005730659025787965
13117130301,0.0,0.0,0.0,0.0,0.0,0.9282051282051282,0.0,0.07179487179487179,0.0,0.0
13117130302,0.0,0.0,0.0,0.0,0.0,0.9920963492660896,0.0,0.007903650733910425,0.0,0.0
13117130303,0.0,0.0,0.0,0.0,0.0,0.9167303284950343,0.0,0.08326967150496563,0.0,0.0
13117130304,0.0,0.0,0.0,0.0,0.0,0.9859002169197397,0.0,0.014099783080260303,0.0,0.0
13117130305,0.0,0.0,0.0,0.0,0.0,0.9884169884169884,0.0,0.011583011583011582,0.0,0.0
13117130306,0.0,0.0,0.0,0.0,0.0,0.9039517014270033,0.0,0.010428100987925357,0.0,0.08562019758507135
13117130307,0.0,0.0,0.0,0.0,0.0,0.9736399326977005,0.0,0.026360067302299495,0.0,0.0
13117130403,0.0,0.0,0.0,0.0,0.0,0.922930542340628,0.0,0.07706945765937202,0.0,0.0
13117130404,0.0,0.0,0.0,0.0,0.0,0.9933920704845814,0.0,0.006607929515418502,0.0,0.0
13117130405,0.0,0.0,0.0,0.0,0.0,0.9573367808661927,0.0,0.04266321913380737,0.0,0.0
13117130406,0.0,0.0,0.0,0.0,0.0,0.9275116574819839,0.0,0.07206443408223824,0.0,0.000423908435777872
13117130408,0.0,0.0,0.0,0.0,0.0,0.9938325991189427,0.0,0.006167400881057269,0.0,0.0
13117130409,0.0,0.0,0.0,0.0,0.0,0.9789915966386554,0.0,0.020168067226890758,0.0,0.0008403361344537816
13117130410,0.0,0.0,0.0,0.0,0.0,0.9285193289569658,0.0,0.0036469730123997084,0.0,0.06783369803063458
13117130503,0.0,0.0,0.0,0.0,0.0,0.9653225806451613,0.013709677419354839,0.020967741935483872,0.0,0.0
13117130504,0.0,0.0,0.0,0.0,0.0,0.9917695473251029,0.0,0.00823045267489712,0.0,0.0
13117130505,0.0,0.0,0.0,0.0,0.0,0.980722891566265,0.0,0.01927710843373494,0.0,0.0
13117130506,0.0,0.0,0.0,0.0,0.0,0.9746954076850984,0.0018744142455482662,0.023430178069353328,0.0,0.0
13117130507,0.0,0.0,0.0,0.0,0.0,0.9849137931034483,0.0,0.014367816091954023,0.0,0.0007183908045977011
13117130508,0.0,0.0,0.0,0.0,0.0,0.9793365959760739,0.004350190320826536,0.01631321370309951,0.0,0.0
13117130509,0.0,0.0,0.0,0.0,0.0,0.923337856173677,0.057666214382632294,0.018995929443690638,0.0,0.0
13117130510,0.0,0.0,0.0,0.0,0.0,0.9585253456221198,0.0,0.041474654377880185,0.0,0.0
13117130601,0.0,0.0,0.0,0.0,0.0,0.8168685927306617,0.0,0.05405405405405406,0.0,0.12907735321528424
13117130602,0.0,0.0,0.0,0.0,0.0,0.8864265927977839,0.0,0.11301939058171745,0.0,0.000554016620498615
13117130603,0.0,0.0,0.0,0.0,0.0,0.9950811608460404,0.0,0.004426955238563699,0.0,0.0004918839153959665
13117130604,0.0,0.0,0.0,0.0,0.0,0.9956602603843769,0.0,0.0037197768133911966,0.0,0.0006199628022318661
13117130605,0.0,0.0,0.0,0.0,0.0,0.9943820224719101,0.0,0.0056179775280898875,0.0,0.0
13117130606,0.0,0.0,0.0,0.0,0.0,0.9993206521739131,0.0,0.0006793478260869565,0.0,0.0
13117130607,0.0,0.0,0.0,0.0,0.0,0.9938271604938271,0.00036310820624546115,0.0054466230936819175,0.0,0.00036310820624546115
13117130608,0.0,0.0,0.0,0.0,0.0,0.9806023481368045,0.0,0.002552322613578356,0.0,0.016845329249617153
13117130609,0.0,0.0,0.0,0.0,0.0,0.9916387959866221,0.0,0.008361204013377926,0.0,0.0
13117130610,0.0,0.0,0.0,0.0,0.0,0.9872857932559425,0.0,0.01271420674405749,0.0,0.0
13117130611,0.0,0.0,0.0,0.0,0.0,0.9875,0.0,0.0125,0.0,0.0
13117130612,0.0,0.0,0.0,0.0,0.0,0.9906846762925011,0.0,0.009315323707498836,0.0,0.0
13117130613,0.0,0.0,0.0,0.0,0.0,0.997667638483965,0.0005830903790087463,0.001749271137026239,0.0,0.0
13121000100,0.002720348204570185,0.06964091403699674,0.0,0.0,0.0,0.8520130576713819,0.07562568008705114,0.0,0.0,0.0
13121000200,0.00436871996505024,0.08387942332896461,0.0,0.0,0.0,0.6981214504150284,0.1874180865006553,0.0,0.0,0.02621231979030144
13121000400,0.0057405281285878304,0.030998851894374284,0.0,0.0,0.0,0.208955223880597,0.7129735935706085,0.0,0.0,0.04133180252583238
13121000500,0.0026761819803746653,0.02096342551293488,0.0,0.00044603033006244426,0.0,0.3479036574487065,0.5548617305976806,0.0,0.0,0.07314897413024085
13121000600,0.004048582995951417,0.06963562753036437,0.0,0.0,0.0,0.25020242914979757,0.6461538461538462,0.0,0.0,0.029959514170040485
13121000700,0.0,0.05398457583547558,0.0,0.0,0.0,0.8766066838046273,0.0,0.0,0.0,0.06940874035989718
13121001001,0.009478672985781991,0.026066350710900472,0.0,0.002369668246445498,0.0,0.09834123222748815,0.8151658767772512,0.0,0.0,0.0485781990521327
13121001002,0.09950248756218906,0.04477611940298507,0.0,0.0,0.0,0.22388059701492538,0.6318407960199005,0.0,0.0,0.0
13121001100,0.006507592190889371,0.0025307302964569776,0.0,0.0,0.0,0.0036153289949385392,0.9840925524222705,0.0,0.0,0.0032537960954446853
13121001201,0.04709840201850295,0.04625735912531539,0.0,0.0,0.0,0.127838519764508,0.704793944491169,0.0,0.0,0.07401177460050462
13121001202,0.0008203445447087777,0.0,0.0,0.00041017227235438887,0.0,0.0008203445447087777,0.9979491386382281,0.0,0.0,0.0
13121001300,0.032936229852838124,0.11422564821303434,0.0,0.0,0.0,0.29782761037140854,0.5381920112123336,0.0,0.0,0.016818500350385426
13121001400,0.030343007915567283,0.05804749340369393,0.0,0.0,0.0,0.4393139841688654,0.4261213720316623,0.0,0.0,0.04617414248021108
13121001500,0.05509433962264151,0.11320754716981132,0.0,0.0,0.0,0.4354716981132076,0.379622641509434,0.0,0.0,0.01660377358490566
13121001600,0.027950310559006212,0.07919254658385093,0.0,0.0,0.0,0.3059006211180124,0.5248447204968945,0.0,0.0,0.062111801242236024
13121001700,0.0811965811965812,0.11965811965811966,0.0,0.0,0.0,0.4829059829059829,0.21937321937321938,0.0,0.0,0.09686609686609686
13121001800,0.014799154334038054,0.009161381254404511,0.0,0.0,0.0,0.06060606060606061,0.9020436927413672,0.0,0.0,0.013389711064129669
13121001900,0.000942507068803016,0.0,0.0,0.0,0.0,0.012252591894439209,0.8652214891611687,0.0,0.0,0.12158341187558906
13121002100,0.0019047619047619048,0.0,0.0,0.0,0.0,0.005714285714285714,0.9028571428571428,0.0,0.0,0.08952380952380952
13121002300,0.06499261447562776,0.10930576070901034,0.0,0.0,0.0,0.8257016248153619,0.0,0.0,0.0,0.0
13121002400,0.025278058645096056,0.08493427704752275,0.0,0.0,0.0,0.8897876643073812,0.0,0.0,0.0,0.0
13121002500,0.041025641025641026,0.06495726495726496,0.0,0.0,0.0,0.5538461538461539,0.28547008547008546,0.0,0.0,0.0547008547008547
13121002600,0.059880239520958084,0.04790419161676647,0.0,0.0,0.0,0.8802395209580839,0.0,0.0,0.0,0.011976047904191617
13121002800,0.006211180124223602,0.008281573498964804,0.0,0.0,0.0,0.026915113871635612,0.7846790890269151,0.0,0.0,0.17391304347826086
13121002900,0.02843601895734597,0.052132701421800945,0.0,0.0,0.0,0.3803317535545024,0.47393364928909953,0.0,0.0,0.06516587677725119
13121003000,0.01592623637887678,0.0586756077116513,0.0,0.0,0.0,0.40318524727577537,0.35875943000838223,0.0,0.0,0.16345347862531434
13121003100,0.009188361408882083,0.05972434915773354,0.0,0.0,0.0,0.8131699846860643,0.0015313935681470138,0.0,0.0,0.11638591117917305
13121003200,0.008561643835616438,0.05821917808219178,0.0,0.0,0.0,0.4469178082191781,0.4332191780821918,0.0,0.0,0.053082191780821915
13121003500,0.04375,0.0,0.0,0.0,0.0,0.00625,0.95,0.0,0.0,0.0
13121003600,0.014388489208633094,0.0,0.0,0.0035971223021582736,0.0,0.025179856115107913,0.9460431654676259,0.0,0.0,0.01079136690647482
13121003800,0.015384615384615385,0.14615384615384616,0.0,0.0,0.0,0.8384615384615385,0.0,0.0,0.0,0.0
13121003900,0.003472222222222222,0.125,0.0,0.0,0.0,0.8715277777777778,0.0,0.0,0.0,0.0
13121004000,0.0028142589118198874,0.04409005628517824,0.0,0.0,0.0,0.9399624765478424,0.0,0.0,0.0,0.013133208255159476
13121004100,0.04447632711621234,0.15494978479196556,0.0,0.0,0.0,0.7718794835007173,0.028694404591104734,0.0,0.0,0.0
13121004200,0.013257575757575758,0.07007575757575757,0.0,0.0,0.0,0.4128787878787879,0.3731060606060606,0.0,0.0,0.13068181818181818
13121004300,0.03164556962025317,0.006329113924050633,0.0,0.0,0.0,0.012658227848101266,0.8354430379746836,0.0,0.0,0.11392405063291139
13121004400,0.048672566371681415,0.03982300884955752,0.0,0.0,0.0,0.7123893805309734,0.1504424778761062,0.0,0.0,0.048672566371681415
13121004800,0.05,0.05,0.0,0.0,0.0,0.45,0.0,0.0,0.0,0.45
13121004900,0.005065856129685917,0.04559270516717325,0.0,0.0,0.0,0.78419452887538,0.03850050658561297,0.0,0.0,0.12664640324214793
13121005000,0.010752688172043012,0.125,0.0,0.0,0.0,0.6612903225806451,0.20295698924731181,0.0,0.0,0.0
13121005200,0.0027159152634437804,0.030961434003259097,0.0,0.0,0.0,0.7452471482889734,0.13633894622487777,0.0,0.0,0.08473655621944595
13121005300,0.003257328990228013,0.06254071661237785,0.0,0.0,0.0,0.7387622149837133,0.023452768729641693,0.0,0.0,0.1719869706840391
13121005501,0.016709511568123392,0.07712082262210797,0.0,0.0,0.0,0.8958868894601543,0.0038560411311053984,0.0,0.0,0.006426735218508998
13121005502,0.0020161290322580645,0.03024193548387097,0.0,0.0,0.0,0.6733870967741935,0.29435483870967744,0.0,0.0,0.0
13121005700,0.00909090909090909,0.07727272727272727,0.0,0.0,0.0,0.9136363636363637,0.0,0.0,0.0,0.0
13121005800,0.06642066420664207,0.13653136531365315,0.0,0.0,0.0,0.7638376383763837,0.033210332103321034,0.0,0.0,0.0
13121006000,0.00835421888053467,0.0785296574770259,0.0,0.0,0.0,0.9131161236424394,0.0,0.0,0.0,0.0
13121006100,0.0006273525721455458,0.03136762860727729,0.0,0.0,0.0,0.903387703889586,0.06461731493099122,0.0,0.0,0.0
13121006200,0.0,0.16064981949458484,0.0,0.0,0.0,0.8393501805054152,0.0,0.0,0.0,0.0
13121006300,0.006082725060827251,0.11435523114355231,0.0,0.0,0.0,0.8771289537712895,0.0024330900243309003,0.0,0.0,0.0
13121006400,0.0,0.05725190839694656,0.0,0.0,0.0,0.9427480916030534,0.0,0.0,0.0,0.0
13121006500,0.0005988023952095808,0.046706586826347304,0.0,0.0,0.0,0.944311377245509,0.008383233532934131,0.0,0.0,0.0
13121006601,0.0024067388688327317,0.07701564380264742,0.0,0.0,0.0,0.9205776173285198,0.0,0.0,0.0,0.0
13121006602,0.009259259259259259,0.2222222222222222,0.0,0.0,0.0,0.7685185185185185,0.0,0.0,0.0,0.0
13121006700,0.003787878787878788,0.021212121212121213,0.0,0.0,0.0,0.8007575757575758,0.07803030303030303,0.0,0.0,0.09621212121212121
13121006802,0.015384615384615385,0.007692307692307693,0.0,0.0,0.0,0.9769230769230769,0.0,0.0,0.0,0.0
13121006900,0.0025951557093425604,0.029411764705882353,0.0,0.0,0.0,0.903114186851211,0.0,0.0,0.0,0.06487889273356401
13121007001,0.006925207756232687,0.0034626038781163434,0.0,0.0,0.0,0.989612188365651,0.0,0.0,0.0,0.0
13121007002,0.0009132420091324201,0.015525114155251141,0.0,0.0,0.0009132420091324201,0.782648401826484,0.0027397260273972603,0.08310502283105023,0.0,0.1141552511415525
13121007100,0.0025575447570332483,0.01278772378516624,0.0,0.0,0.0,0.969309462915601,0.0,0.0,0.0,0.015345268542199489
13121007200,0.003194888178913738,0.0,0.0,0.0,0.0,0.9968051118210862,0.0,0.0,0.0,0.0
13121007300,0.005252100840336135,0.0015756302521008404,0.0,0.0,0.0,0.9101890756302521,0.02888655462184874,0.0005252100840336134,0.0,0.05357142857142857
13121007400,0.011363636363636364,0.005681818181818182,0.0,0.0,0.003787878787878788,0.8371212121212122,0.0,0.14204545454545456,0.0,0.0
13121007500,0.003468208092485549,0.017341040462427744,0.0,0.0,0.0,0.8832369942196532,0.08439306358381503,0.0,0.0,0.011560693641618497
13121007602,0.004166666666666667,0.001388888888888889,0.0,0.0,0.0,0.9944444444444445,0.0,0.0,0.0,0.0
13121007603,0.0546448087431694,0.00546448087431694,0.0,0.0,0.0,0.6311475409836066,0.18579234972677597,0.0,0.0,0.12295081967213115
13121007604,0.025078369905956112,0.006269592476489028,0.0,0.0,0.0,0.5579937304075235,0.11598746081504702,0.0,0.0,0.2946708463949843
13121007703,0.0015071590052750565,0.0007535795026375283,0.0,0.0,0.0,0.908816880180859,0.0346646571213263,0.0,0.0,0.05425772418990203
13121007704,0.00400962309542903,0.00400962309542903,0.0,0.0,0.0,0.8179631114675221,0.056134723336006415,0.0,0.0,0.11788291900561347
13121007705,0.015050167224080268,0.0033444816053511705,0.0,0.0,0.0,0.7892976588628763,0.030100334448160536,0.0,0.0,0.16220735785953178
13121007706,0.00344149459193707,0.003933136676499509,0.0,0.0,0.0,0.8731563421828908,0.0,0.0,0.0,0.11946902654867257
13121007802,0.0012135922330097086,0.0008090614886731392,0.0,0.0,0.0,0.9741100323624595,0.022249190938511326,0.0,0.0,0.0016181229773462784
13121007805,0.006051437216338881,0.0,0.0,0.0,0.0,0.9939485627836612,0.0,0.0,0.0,0.0
13121007806,0.0005665722379603399,0.0073654390934844195,0.0,0.0,0.0,0.9342776203966006,0.057790368271954676,0.0,0.0,0.0
13121007807,0.007361963190184049,0.0049079754601227,0.0,0.0,0.0,0.9877300613496932,0.0,0.0,0.0,0.0
13121007808,0.019417475728155338,0.009708737864077669,0.0,0.0,0.0,0.9281553398058252,0.0,0.0,0.0,0.04271844660194175
13121007900,0.0004608294930875576,0.0018433179723502304,0.0,0.0,0.0,0.7566820276497696,0.0,0.0,0.0,0.24101382488479262
13121008000,0.0009416195856873823,0.010357815442561206,0.0,0.0,0.0,0.9698681732580038,0.0,0.0,0.0,0.018832391713747645
13121008101,0.0,0.002277904328018223,0.0,0.0,0.0,0.9977220956719818,0.0,0.0,0.0,0.0
13121008102,0.011212333566923615,0.011212333566923615,0.0,0.0,0.0,0.8689558514365803,0.10441485634197617,0.0,0.0,0.004204625087596356
13121008201,0.0009601536245799327,0.0014402304368698992,0.0,0.0,0.0,0.9318290926548247,0.0,0.0,0.0,0.0657705232837254
13121008202,0.06280193236714976,0.0024154589371980675,0.0,0.0,0.0,0.9202898550724637,0.0,0.0,0.0,0.014492753623188406
13121008301,0.017982017982017984,0.055944055944055944,0.0,0.0,0.0,0.8771228771228772,0.04895104895104895,0.0,0.0,0.0
13121008302,0.012626262626262626,0.017676767676767676,0.0,0.0,0.0,0.9659090909090909,0.0,0.0,0.0,0.003787878787878788
13121008400,0.019955654101995565,0.052106430155210645,0.0,0.0,0.0,0.8713968957871396,0.031042128603104215,0.0,0.0,0.025498891352549888
13121008500,0.0026041666666666665,0.07552083333333333,0.0,0.0,0.0,0.9069010416666666,0.014322916666666666,0.0006510416666666666,0.0,0.0
13121008601,0.006675567423230975,0.04472630173564753,0.0,0.0,0.0,0.9078771695594126,0.0267022696929239,0.0,0.0,0.014018691588785047
13121008602,0.0036496350364963502,0.014598540145985401,0.0,0.0,0.0,0.9708029197080292,0.0,0.0,0.0,0.010948905109489052
13121008700,0.005780346820809248,0.005780346820809248,0.0,0.0,0.0,0.9042113955408753,0.00495458298926507,0.0,0.0,0.07927332782824112
13121008800,0.009474590869939707,0.013781223083548665,0.0,0.0,0.0,0.8152454780361758,0.01808785529715762,0.05426356589147287,0.0,0.08914728682170543
13121008902,0.008709853021230268,0.024496461622210124,0.0,0.0,0.0,0.5498094719651606,0.2416984213391399,0.0,0.0,0.1752857920522591
13121008903,0.007042253521126761,0.0,0.0,0.0,0.002347417840375587,0.028169014084507043,0.18544600938967137,0.0,0.0,0.7769953051643192
13121008904,0.002911208151382824,0.00048520135856380397,0.0,0.0,0.0,0.264919941775837,0.6792819019893256,0.0,0.0,0.05240174672489083
13121009000,0.001539645881447267,0.016166281755196306,0.0,0.0,0.0,0.9499615088529638,0.03233256351039261,0.0,0.0,0.0
13121009101,0.004965859714463066,0.009931719428926133,0.0,0.0,0.0,0.1452513966480447,0.7107386716325264,0.0,0.0,0.12911235257603973
13121009102,0.0011160714285714285,0.011160714285714286,0.0,0.0011160714285714285,0.0,0.3671875,0.5848214285714286,0.0,0.0,0.03459821428571429
13121009200,0.021775544388609715,0.0661641541038526,0.0,0.0,0.0,0.6289782244556114,0.18927973199329984,0.0,0.0,0.09380234505862646
13121009300,0.00477326968973747,0.04582338902147971,0.0,0.0,0.0,0.5646778042959427,0.3727923627684964,0.0,0.0,0.011933174224343675
13121009402,0.015527950310559006,0.0,0.0,0.0,0.0,0.021739130434782608,0.7515527950310559,0.0,0.0,0.2111801242236025
13121009403,0.002840909090909091,0.0,0.0,0.0,0.0,0.07575757575757576,0.8020833333333334,0.0,0.0,0.11931818181818182
13121009404,0.0,0.0005473453749315818,0.0,0.0,0.0,0.2928297755883963,0.6343732895457034,0.0,0.0,0.0722495894909688
13121009501,0.0005810575246949448,0.0017431725740848344,0.0,0.0,0.0,0.6182452062754212,0.357931435212086,0.0,0.0,0.02149912841371296
13121009502,0.0005558643690939411,0.0,0.0,0.0,0.0,0.15675375208449138,0.7793218454697054,0.0,0.0,0.06336853807670928
13121009601,0.003978779840848806,0.007957559681697613,0.0,0.0,0.0,0.15782493368700265,0.7559681697612732,0.0,0.0,0.07427055702917772
13121009602,0.0024645717806531116,0.01725200246457178,0.0,0.0,0.0,0.38817005545286504,0.48921749845964263,0.0,0.0,0.10289587184226741
13121009603,0.011218765935747067,0.015298317185109638,0.0,0.0,0.0,0.26925038245792965,0.6547679755226925,0.0010198878123406426,0.0,0.04844467108618052
13121009700,0.0006451612903225806,0.0006451612903225806,0.0,0.0,0.0,0.7625806451612903,0.16,0.0,0.0,0.07612903225806451
13121009801,0.0,0.0006506180871828237,0.0,0.0,0.0,0.8425504229017566,0.1567989590110605,0.0,0.0,0.0
13121009802,0.0,0.0016051364365971107,0.0,0.0,0.0,0.9285714285714286,0.0,0.0,0.0,0.06982343499197431
13121009900,0.0,0.0005194805194805195,0.0,0.0,0.0,0.6893506493506494,0.30077922077922076,0.0,0.0,0.00935064935064935
13121010001,0.0,0.000361794500723589,0.0,0.0,0.0,0.308972503617945,0.6255426917510853,0.0,0.0,0.06512301013024602
13121010002,0.0003637686431429611,0.0003637686431429611,0.0,0.0,0.0,0.6420516551473263,0.3339396144052383,0.0003637686431429611,0.0,0.022917424518006546
13121010106,0.0024650780608052587,0.0008216926869350862,0.0,0.0,0.0,0.6244864420706656,0.2580115036976171,0.0,0.0,0.114215283483977
13121010107,0.0,0.0014084507042253522,0.0,0.0,0.0,0.9985915492957746,0.0,0.0,0.0,0.0
13121010108,0.0008019246190858059,0.0,0.0,0.0,0.0,0.9991980753809142,0.0,0.0,0.0,0.0
13121010110,0.002068252326783868,0.001034126163391934,0.0,0.0,0.0,0.40847983453981385,0.5284384694932782,0.0,0.0,0.05997931747673216
13121010113,0.010622154779969651,0.0,0.0,0.0,0.0,0.496206373292868,0.23672230652503792,0.0,0.0,0.2564491654021244
13121010114,0.0044472681067344345,0.0019059720457433292,0.0,0.0,0.0,0.7217280813214739,0.24332909783989834,0.0,0.0,0.028589580686149935
13121010115,0.0,0.0,0.0,0.0,0.0,0.7697368421052632,0.060526315789473685,0.0,0.0,0.16973684210526316
13121010117,0.011086474501108648,0.0,0.0,0.0,0.0,0.07317073170731707,0.7139689578713969,0.0,0.0,0.2017738359201774
13121010118,0.008368200836820083,0.0041841004184100415,0.0,0.0,0.0,0.41562064156206413,0.3514644351464435,0.0,0.0,0.2203626220362622
13121010119,0.009538950715421303,0.003179650238473768,0.0,0.0,0.0,0.05405405405405406,0.5246422893481717,0.0,0.0,0.40858505564387915
13121010120,0.006069802731411229,0.03338391502276176,0.0,0.0,0.0,0.24279210925644917,0.5220030349013657,0.0,0.0,0.19575113808801214
13121010121,0.0,0.0008695652173913044,0.0,0.0,0.0,0.32956521739130434,0.6652173913043479,0.0,0.0,0.004347826086956522
13121010122,0.006622516556291391,0.0,0.0,0.0,0.0,0.5468306527909177,0.28666035950804164,0.0,0.0,0.1598864711447493
13121010123,0.0035816618911174787,0.0007163323782234957,0.0,0.0,0.0,0.2628939828080229,0.5243553008595988,0.0,0.0,0.20845272206303725
13121010204,0.0,0.0016034206306787815,0.0,0.0,0.0,0.9983965793693212,0.0,0.0,0.0,0.0
13121010205,0.00045433893684688776,0.00045433893684688776,0.0,0.0,0.0,0.6978646069968196,0.18309859154929578,0.0,0.0,0.11812812358019083
13121010206,0.0,0.00040899795501022495,0.0,0.0,0.0,0.7206543967280163,0.21431492842535788,0.0,0.0,0.06462167689161555
13121010208,0.003537735849056604,0.0047169811320754715,0.0,0.0,0.0,0.5825471698113207,0.4091981132075472,0.0,0.0,0.0
13121010209,0.00813953488372093,0.0,0.0,0.0,0.0,0.2651162790697674,0.6686046511627907,0.0,0.0,0.05813953488372093
13121010210,0.001092896174863388,0.0,0.0,0.0,0.0,0.5519125683060109,0.37814207650273224,0.0,0.0,0.06885245901639345
13121010211,0.0,0.0,0.0,0.0,0.0,0.9630032644178455,0.001088139281828074,0.0,0.0,0.035908596300326445
13121010212,0.008278145695364239,0.0008278145695364238,0.0,0.0,0.0,0.4925496688741722,0.43874172185430466,0.0,0.0,0.059602649006622516
13121010301,0.00032362459546925567,0.0,0.0,0.0,0.0,0.9872168284789644,0.0,0.00032362459546925567,0.0,0.012135922330097087
13121010303,0.001547029702970297,0.0,0.0,0.0,0.0,0.911200495049505,0.01670792079207921,0.0,0.0,0.07054455445544554
13121010304,0.0,0.000354295837023915,0.0,0.0,0.0,0.9953941541186891,0.0,0.0001771479185119575,0.0,0.004074402125775022
13121010400,0.005859375,0.016927083333333332,0.0,0.0,0.0,0.9020182291666666,0.0576171875,0.0003255208333333333,0.0,0.017252604166666668
13121010507,0.0031631269769543608,0.0009037505648441031,0.0,0.0,0.0,0.797559873474921,0.14234071396294623,0.0,0.0,0.05603253502033439
13121010508,0.0,0.0006788866259334691,0.0,0.0,0.0,0.8547182620502376,0.0,0.0,0.0,0.1446028513238289
13121010510,0.0011113169105389886,0.006112243007964438,0.0,0.0,0.0,0.9042415262085571,0.0,0.0,0.0,0.08853491387293944
13121010511,0.00035971223021582735,0.001079136690647482,0.0,0.0,0.0,0.9370503597122302,0.0,0.0,0.0,0.06151079136690647
13121010512,0.0063805104408352666,0.0017401392111368909,0.0,0.0,0.0,0.4013921113689095,0.39675174013921116,0.0,0.0,0.1937354988399072
13121010513,0.005374032674118658,0.01827171109200344,0.0,0.0,0.00021496130696474635,0.8379191745485812,0.020851246775580395,0.00021496130696474635,0.0,0.11715391229578676
13121010514,0.0013899920571882446,0.004964257347100874,0.0,0.0,0.0,0.9710087370929309,0.0,0.0,0.0,0.022637013502779985
13121010515,0.0,0.0010638297872340426,0.0,0.0,0.0,0.9558510638297872,0.0,0.0,0.0,0.04308510638297872
13121010516,0.0,0.01008827238335435,0.0,0.0,0.0,0.7651324085750315,0.00031525851197982345,0.00031525851197982345,0.0,0.22414880201765447
13121010601,0.0344418052256532,0.060570071258907364,0.0,0.0,0.0,0.9002375296912114,0.0,0.0,0.0,0.004750593824228029
13121010603,0.033942558746736295,0.007832898172323759,0.0,0.0,0.0,0.95822454308094,0.0,0.0,0.0,0.0
13121010604,0.013986013986013986,0.0017482517482517483,0.0,0.0,0.0,0.9842657342657343,0.0,0.0,0.0,0.0
13121010800,0.013789581205311542,0.0602655771195097,0.0,0.0,0.0,0.8467824310520939,0.05515832482124617,0.0,0.0,0.02400408580183861
13121011000,0.009150326797385621,0.16732026143790849,0.0,0.0,0.00261437908496732,0.7503267973856209,0.048366013071895426,0.022222222222222223,0.0,0.0
13121011100,0.0034542314335060447,0.06217616580310881,0.0,0.0,0.0,0.8661485319516408,0.012089810017271158,0.0,0.0,0.05613126079447323
13121011201,0.005451713395638629,0.0529595015576324,0.0,0.0,0.0,0.8481308411214953,0.0,0.0,0.0,0.09345794392523364
13121011202,0.02050113895216401,0.07972665148063782,0.0,0.0,0.0,0.8650341685649203,0.01082004555808656,0.0,0.0,0.023917995444191344
13121011301,0.0,0.006243496357960458,0.0,0.0,0.0,0.9937565036420395,0.0,0.0,0.0,0.0
13121011303,0.007825600894354388,0.01621017328116266,0.0,0.0,0.0,0.9754052543320291,0.0,0.0005589714924538849,0.0,0.0
13121011305,0.011864406779661017,0.003389830508474576,0.0,0.0,0.0,0.6644067796610169,0.2983050847457627,0.0,0.0,0.022033898305084745
13121011306,0.008421052631578947,0.0,0.0,0.0,0.0,0.9621052631578947,0.0,0.0,0.0,0.029473684210526315
13121011405,0.005580357142857143,0.015625,0.0,0.0,0.0,0.6997767857142857,0.12667410714285715,0.0,0.0,0.15234375
13121011410,0.0013999066728884741,0.0,0.0,0.0,0.0,0.8296780214652356,0.0970601959869342,0.0,0.0,0.07186187587494167
13121011411,0.0008424599831508003,0.0012636899747262005,0.0,0.0,0.0,0.8331929233361416,0.08087615838247683,0.0,0.0,0.08382476832350463
13121011412,0.001171875,0.0,0.0,0.0,0.0,0.908203125,0.0,0.0,0.0,0.090625
13121011414,0.00431832202344232,0.0006169031462060457,0.0,0.0,0.0,0.7668106107341147,0.0,0.0,0.0,0.2282541640962369
13121011416,0.0,0.0,0.0,0.0,0.0,0.903321764997521,0.05701536936043629,0.0,0.0,0.03966286564204264
13121011417,0.0,0.0,0.0,0.0,0.0,0.8019966722129783,0.1064891846921797,0.0,0.0,0.09151414309484193
13121011418,0.00043878894251864854,0.0008775778850372971,0.0,0.0,0.0,0.949978060552874,0.007020623080298377,0.0,0.0,0.04168494953927161
13121011419,0.0008514261387824606,0.0017028522775649213,0.0,0.0,0.0,0.5930183056619838,0.1447424435930183,0.0,0.0,0.2596849723286505
13121011420,0.008077544426494346,0.0,0.0,0.0,0.0,0.4378029079159935,0.0,0.0,0.0,0.5541195476575121
13121011421,0.04272151898734177,0.0015822784810126582,0.0,0.0,0.0,0.23734177215189872,0.0,0.0,0.0,0.7183544303797469
13121011422,0.0024937655860349127,0.0016625103906899418,0.0,0.0,0.0,0.6159600997506235,0.27847049044056527,0.0,0.0,0.10141313383208644
13121011423,0.0011554015020219526,0.0005777007510109763,0.0,0.0,0.0,0.9381860196418256,0.06008087810514154,0.0,0.0,0.0
13121011424,0.0014211274277593558,0.0,0.0,0.0,0.0,0.7100900047370914,0.1605873993368072,0.0,0.0,0.12790146849834202
13121011425,0.0004943153732081067,0.0004943153732081067,0.0,0.0,0.0,0.9990113692535838,0.0,0.0,0.0,0.0
13121011426,0.0,0.0,0.0,0.0,0.0,1.0,0.0,0.0,0.0,0.0
13121011427,0.0,0.0003278688524590164,0.0,0.0,0.0,0.9518032786885245,0.0,0.0003278688524590164,0.0,0.047540983606557376
13121011503,0.0,0.0005678591709256105,0.0,0.0,0.0,0.9812606473594548,0.00028392958546280523,0.0,0.0,0.01788756388415673
13121011504,0.0,0.0,0.0,0.0,0.0,1.0,0.0,0.0,0.0,0.0
13121011505,0.0,0.0007142857142857143,0.0,0.0,0.0,0.9335714285714286,0.065,0.0,0.0,0.0007142857142857143
13121011506,0.0,0.00045495905368516835,0.0,0.0,0.0,0.9995450409463148,0.0,0.0,0.0,0.0
13121011610,0.001199040767386091,0.002398081534772182,0.0,0.0,0.0,0.8645083932853717,0.07014388489208633,0.0005995203836930455,0.0,0.06115107913669065
13121011611,0.0064,0.032,0.0,0.0,0.0,0.4864,0.17333333333333334,0.0,0.0,0.30186666666666667
13121011612,0.0,0.0,0.0,0.0,0.0,0.9488026424442609,0.03137902559867878,0.0,0.0,0.01981833195706028
13121011613,0.00046382189239332097,0.0,0.0,0.0,0.0,0.8000927643784786,0.02365491651205937,0.0,0.0,0.17578849721706866
13121011614,0.0009293680297397769,0.0,0.0,0.0,0.0,0.5216078066914498,0.133364312267658,0.0,0.0,0.3440985130111524
13121011615,0.0,0.0011185682326621924,0.0,0.0,0.0,0.8241051454138703,0.05453020134228188,0.0,0.0,0.12024608501118568
13121011616,0.002210759027266028,0.017686072218128224,0.0,0.0,0.0,0.36035372144436256,0.3316138540899042,0.0029476787030213707,0.0,0.2851879145173176
13121011617,0.0,0.0,0.0,0.0,0.0,0.8449937159614579,0.02932551319648094,0.0,0.0,0.12568077084206117
13121011618,0.000819000819000819,0.0,0.0,0.0,0.0,0.8443898443898444,0.0,0.0,0.0,0.1547911547911548
13121011619,0.0030627871362940277,0.0,0.0,0.0,0.0,0.7856049004594181,0.20980091883614088,0.0,0.0,0.0015313935681470138
13121011620,0.00032808398950131233,0.00032808398950131233,0.0,0.0,0.0,0.9662073490813649,0.0,0.0,0.0,0.03313648293963255
13121011621,0.0011160714285714285,0.0,0.0,0.0,0.0,0.99609375,0.0027901785714285715,0.0,0.0,0.0
13121011622,0.0,0.00029859659599880563,0.0,0.0,0.0,0.9522245446401911,0.020005971931919976,0.0,0.0,0.027470886831890116
13121011623,0.0009199632014719411,0.0,0.0,0.0,0.0,0.7856485740570377,0.017479300827966882,0.0,0.0,0.19595216191352346
13121011624,0.0,0.0,0.0,0.0,0.0,1.0,0.0,0.0,0.0,0.0
13121011625,0.0,0.000501002004008016,0.0,0.0,0.0,0.9113226452905812,0.001002004008016032,0.0,0.0,0.0871743486973948
13121011626,0.00048590864917395527,0.0,0.0,0.0,0.0,0.9742468415937804,0.0,0.0,0.0,0.025267249757045675
13121011800,0.13615023474178403,0.06572769953051644,0.0,0.0,0.0,0.7488262910798122,0.046948356807511735,0.0,0.0,0.002347417840375587
13121011900,0.024793388429752067,0.013223140495867768,0.0,0.0,0.0,0.08099173553719008,0.8115702479338843,0.0,0.0,0.06942148760330578
13121012000,0.0553306342780027,0.048582995951417005,0.0,0.0,0.0,0.6072874493927125,0.18758434547908232,0.0,0.0,0.10121457489878542
13121012300,0.04013377926421405,0.09810479375696766,0.0,0.0,0.0,0.8249721293199554,0.023411371237458192,0.0,0.0,0.013377926421404682
13135050103,0.0002433682161109759,0.003163786809442687,0.0002433682161109759,0.0007301046483329277,0.0,0.8797761012411779,0.009004623996106109,0.08371866634217572,0.0,0.023119980530542712
13135050105,0.0013123359580052493,0.010498687664041995,0.0,0.003937007874015748,0.0,0.9133858267716536,0.0006561679790026247,0.07020997375328084,0.0,0.0
13135050106,0.001885014137606032,0.03550109959158027,0.0,0.0006283380458686773,0.0,0.8611372918630223,0.00031416902293433867,0.10053408733898837,0.0,0.0
13135050107,0.0,0.0,0.0,0.0,0.0,0.946384479717813,0.0,0.010582010582010581,0.0,0.043033509700176366
13135050108,0.0,0.0,0.0,0.0,0.0,0.9952899617309391,0.0,0.0047100382690609364,0.0,0.0
13135050109,0.0021626297577854673,0.0008650519031141869,0.00043252595155709344,0.0012975778546712802,0.0,0.9442041522491349,0.0,0.005622837370242215,0.0,0.04541522491349481
13135050205,0.0036900369003690036,0.0,0.0,0.0009225092250922509,0.0,0.6918819188191881,0.0018450184501845018,0.0027675276752767526,0.0,0.2988929889298893
13135050208,0.0005589714924538849,0.0,0.0,0.0005589714924538849,0.0,0.8854108440469536,0.0,0.0016769144773616546,0.0,0.11179429849077697
13135050209,0.0008561643835616438,0.0,0.0,0.0004280821917808219,0.0,0.8351883561643836,0.04238013698630137,0.0004280821917808219,0.0,0.12071917808219178
13135050210,0.0033917467495760316,0.0,0.0,0.0005652911249293386,0.0,0.9830412662521198,0.0,0.00395703787450537,0.0,0.009044657998869417
13135050211,0.00847457627118644,0.00423728813559322,0.0,0.0,0.0,0.788135593220339,0.0,0.0014124293785310734,0.0,0.1977401129943503
13135050212,0.0,0.0,0.0,0.0,0.0,0.9959239130434783,0.0004528985507246377,0.0009057971014492754,0.0,0.002717391304347826
13135050213,0.0,0.0,0.0,0.0,0.0,0.9921736935117395,0.00025246149962130775,0.003029537995455693,0.0,0.0045443069931835394
13135050214,0.000314070351758794,0.002826633165829146,0.0,0.000314070351758794,0.0,0.9557160804020101,0.0,0.0021984924623115578,0.0,0.03863065326633166
13135050215,0.0,0.0,0.0,0.00510204081632653,0.0,0.9923469387755102,0.0,0.002551020408163265,0.0,0.0
13135050216,0.0009956853634251576,0.0,0.0,0.0,0.0,0.997676734152008,0.00033189512114171923,0.0009956853634251576,0.0,0.0
13135050217,0.0013981125480601187,0.0,0.0,0.0,0.0,0.9217056973086334,0.020272631946871723,0.004194337644180357,0.0,0.052429220552254456
13135050218,0.005443234836702955,0.02410575427682737,0.0,0.0015552099533437014,0.0,0.9580093312597201,0.0,0.01088646967340591,0.0,0.0
13135050219,0.0008496176720475786,0.0,0.0,0.0008496176720475786,0.0,0.8283772302463891,0.0008496176720475786,0.0016992353440951572,0.0,0.16737468139337297
13135050220,0.005707762557077625,0.0,0.0,0.0,0.0,0.7111872146118722,0.13470319634703196,0.0,0.0,0.14840182648401826
13135050304,0.006459948320413436,0.03359173126614987,0.0012919896640826874,0.0012919896640826874,0.0,0.8811369509043928,0.0,0.00904392764857881,0.0,0.06718346253229975
13135050306,0.0010672358591248667,0.0010672358591248667,0.0,0.0,0.0,0.9797225186766275,0.0,0.01814300960512273,0.0,0.0
13135050308,0.0,0.0,0.0,0.0,0.0,1.0,0.0,0.0,0.0,0.0
13135050309,0.0011090573012939,0.0,0.0,0.0,0.0,0.9818853974121996,0.0,0.0007393715341959334,0.0,0.016266173752310535
13135050310,0.015466408893185114,0.0,0.0,0.0019333011116481392,0.0,0.48912518124697923,0.23344610923151282,0.0,0.0,0.26002899951667474
13135050311,0.0,0.0006807351940095302,0.0,0.0006807351940095302,0.0,0.7644656228727025,0.0,0.09598366235534377,0.0,0.13818924438393465
13135050313,0.006153846153846154,0.006923076923076923,0.0,0.0,0.0,0.953076923076923,0.030384615384615385,0.0007692307692307692,0.0,0.002692307692307692
13135050314,0.0014312977099236641,0.0009541984732824427,0.0,0.0,0.0,0.9069656488549618,0.0,0.09064885496183206,0.0,0.0
13135050315,0.007100591715976331,0.0,0.0,0.001183431952662722,0.0,0.6497041420118344,0.001183431952662722,0.0,0.0,0.3408284023668639
13135050317,0.1,0.0,0.0,0.005128205128205128,0.0,0.28205128205128205,0.6128205128205129,0.0,0.0,0.0
13135050318,0.1724137931034483,0.0,0.0,0.0,0.0,0.08045977011494253,0.41954022988505746,0.0,0.0,0.3275862068965517
13135050319,0.004840940525587829,0.08367911479944674,0.0,0.0027662517289073307,0.0,0.6445366528354081,0.09820193637621023,0.0006915629322268327,0.0,0.165283540802213
13135050320,0.002127659574468085,0.029787234042553193,0.0,0.002127659574468085,0.0,0.9659574468085106,0.0,0.0,0.0,0.0
13135050321,0.0,0.0,0.0,0.0,0.0,0.9793681495809156,0.0,0.0,0.0,0.020631850419084462
13135050322,0.0,0.0,0.0,0.0,0.0,1.0,0.0,0.0,0.0,0.0
13135050410,0.015862944162436547,0.03299492385786802,0.0,0.01967005076142132,0.0,0.9270304568527918,0.0,0.004441624365482234,0.0,0.0
13135050415,0.0,0.0018999366687777073,0.0,0.0,0.0,0.9911336288790373,0.0,0.006966434452184927,0.0,0.0
13135050416,0.0,0.0022522522522522522,0.0,0.0,0.0,0.7920420420420421,0.0,0.2057057057057057,0.0,0.0
13135050417,0.0136986301369863,0.0024906600249066002,0.0,0.0,0.0,0.8181818181818182,0.099626400996264,0.0012453300124533001,0.0,0.0647571606475716
13135050418,0.006711409395973154,0.003355704697986577,0.0,0.0011185682326621924,0.0,0.6353467561521253,0.18120805369127516,0.0,0.0,0.17225950782997762
13135050419,0.001095290251916758,0.000547645125958379,0.0,0.0016429353778751369,0.0,0.8357064622124863,0.020262869660460023,0.001095290251916758,0.0,0.13964950711938665
13135050421,0.011790714812085483,0.11348563006632277,0.0,0.0007369196757553427,0.0,0.7243920412675019,0.010316875460574797,0.0029476787030213707,0.0,0.1363301400147384
13135050422,0.017759562841530054,0.12363387978142076,0.0,0.001366120218579235,0.0,0.7459016393442623,0.03346994535519126,0.0,0.0,0.0778688524590164
13135050423,0.01838440111420613,0.0072423398328690805,0.0,0.0,0.0,0.8941504178272981,0.0005571030640668524,0.0,0.0,0.07966573816155989
13135050424,0.015299026425591099,0.0,0.0,0.0034770514603616135,0.0,0.872739916550765,0.011821974965229486,0.0,0.0,0.09666203059805285
13135050425,0.0,0.010875194199896427,0.0,0.0,0.0,0.988089073019161,0.0,0.0010357327809425167,0.0,0.0
13135050426,0.0,0.0,0.0,0.0,0.0,0.9991830065359477,0.0,0.0008169934640522876,0.0,0.0
13135050427,0.0,0.01810657009829281,0.0,0.0,0.0,0.9813760993274703,0.0,0.0005173305742369374,0.0,0.0
13135050428,0.0,0.0013831258644536654,0.0,0.0,0.0,0.9986168741355463,0.0,0.0,0.0,0.0
13135050429,0.0,0.000397456279809221,0.0,0.0,0.0,0.9984101748807631,0.0,0.0011923688394276629,0.0,0.0
13135050430,0.0,0.030045351473922902,0.0,0.0005668934240362812,0.0,0.8622448979591837,0.0,0.10714285714285714,0.0,0.0
13135050431,0.0024875621890547263,0.013059701492537313,0.0,0.0012437810945273632,0.0,0.8084577114427861,0.05721393034825871,0.10509950248756218,0.0,0.012437810945273632
13135050432,0.0,0.0,0.0,0.0,0.0,0.9149139579349904,0.0,0.0014340344168260039,0.0,0.08365200764818356
13135050433,0.001976284584980237,0.043478260869565216,0.0,0.0,0.0,0.9545454545454546,0.0,0.0,0.0,0.0
13135050434,0.009719222462203024,0.02267818574514039,0.0,0.0010799136069114472,0.0,0.7138228941684666,0.0,0.0,0.0,0.2526997840172786
13135050435,0.0010695187165775401,0.017112299465240642,0.0,0.0021390374331550803,0.0,0.8716577540106952,0.0,0.0032085561497326204,0.0,0.10481283422459893
13135050436,0.0011621150493898896,0.011040092969203951,0.0,0.0005810575246949448,0.0,0.8611272515979081,0.0017431725740848344,0.12434631028471818,0.0,0.0
13135050511,0.0016139444803098773,0.0,0.0,0.0,0.0,0.8469980632666236,0.0,0.1091026468689477,0.0,0.04228534538411879
13135050520,0.008920606601248885,0.15165031222123104,0.0,0.008920606601248885,0.0,0.7270294380017841,0.09455842997323818,0.008920606601248885,0.0,0.0
13135050521,0.020903573836817263,0.12811867835468643,0.0,0.0020229265003371545,0.0,0.8273769386378962,0.02157788267026298,0.0,0.0,0.0
13135050522,0.000749063670411985,0.09063670411985018,0.0,0.0,0.0,0.8187265917602996,0.05692883895131086,0.00599250936329588,0.0,0.02696629213483146
13135050523,0.004389815627743635,0.0,0.0,0.0,0.0,0.9464442493415277,0.0,0.01755926251097454,0.0,0.03160667251975417
13135050524,0.0026720106880427524,0.0,0.0,0.0,0.0,0.7575150300601202,0.009352037408149633,0.0006680026720106881,0.0,0.22979291917167669
13135050525,0.0003518648838845883,0.0,0.0,0.0,0.0,0.9644616467276566,0.0,0.0007037297677691766,0.0,0.034482758620689655
13135050526,0.0010090817356205853,0.0010090817356205853,0.0,0.0,0.0,0.7921291624621595,0.2058526740665994,0.0,0.0,0.0
13135050527,0.0,0.0,0.0,0.0,0.0,0.99950884086444,0.0,0.0004911591355599214,0.0,0.0
13135050528,0.0,0.0,0.0,0.0,0.0,1.0,0.0,0.0,0.0,0.0
13135050529,0.0,0.0915915915915916,0.0,0.0,0.0,0.7830330330330331,0.08183183183183183,0.0015015015015015015,0.0,0.042042042042042045
13135050530,0.0,0.0,0.0,0.0,0.0,0.8971596474045054,0.10235063663075417,0.0004897159647404506,0.0,0.0
13135050531,0.0004280821917808219,0.0,0.0,0.0,0.0,0.9978595890410958,0.0,0.0017123287671232876,0.0,0.0
13135050532,0.006658832745789268,0.011750881316098707,0.0,0.0,0.0,0.9291030160595378,0.0,0.0035252643948296123,0.0,0.04896200548374462
13135050533,0.0031720856463124504,0.048770816812053926,0.0,0.0,0.0,0.9258524980174465,0.0,0.0019825535289452814,0.0,0.020222045995241873
13135050534,0.0,0.0,0.0,0.0004338394793926247,0.0,0.9258134490238612,0.0,0.005639913232104121,0.0,0.06811279826464209
13135050535,0.0,0.00042087542087542086,0.0,0.0,0.0,0.9877946127946128,0.0,0.0016835016835016834,0.0,0.010101010101010102
13135050536,0.0011940298507462687,0.056716417910447764,0.0,0.0005970149253731343,0.0,0.875223880597015,0.0,0.0005970149253731343,0.0,0.06567164179104477
13135050537,0.011673151750972763,0.0,0.0,0.011673151750972763,0.0,0.9766536964980544,0.0,0.0,0.0,0.0
13135050538,0.0,0.0,0.0,0.0,0.0,0.9995925020374898,0.0,0.00040749796251018743,0.0,0.0
13135050539,0.023791250959324637,0.0,0.0,0.0,0.0,0.8127398311588642,0.0,0.0,0.0,0.1634689178818112
13135050540,0.0037174721189591076,0.06468401486988848,0.0,0.0,0.0,0.9315985130111524,0.0,0.0,0.0,0.0
13135050541,0.08,0.0,0.0,0.0,0.0,0.5866666666666667,0.0,0.0,0.0,0.3333333333333333
13135050542,0.006700167504187605,0.0,0.0,0.005025125628140704,0.0,0.9128978224455612,0.07370184254606366,0.0016750418760469012,0.0,0.0
13135050543,0.0,0.0007858546168958742,0.0,0.0003929273084479371,0.0,0.9721021611001964,0.0,0.002357563850687623,0.0,0.0243614931237721
13135050544,0.01034928848641656,0.0036222509702457956,0.0,0.0,0.0,0.9754204398447607,0.0,0.0007761966364812419,0.0,0.00983182406209573
13135050545,0.0004837929366231253,0.0012094823415578133,0.0,0.00024189646831156264,0.0,0.9946782776971457,0.0,0.003386550556361877,0.0,0.0
13135050546,0.00035887313834559486,0.00556253364435672,0.0,0.0,0.0,0.9641126861654405,0.0,0.029965907051857168,0.0,0.0
13135050547,0.0,0.0,0.0,0.0,0.0,0.9971509971509972,0.0,0.002849002849002849,0.0,0.0
13135050548,0.0,0.0,0.0,0.0,0.0,0.9755555555555555,0.0,0.002857142857142857,0.0,0.02158730158730159
13135050549,0.0,0.0,0.0,0.0,0.0,0.9993939393939394,0.0,0.0006060606060606061,0.0,0.0
13135050605,0.0,0.0,0.0,0.00021172983273343214,0.0,0.9817912343849249,0.0,0.0027524878255346177,0.0,0.015244547956807113
13135050606,0.00012553351744915893,0.00012553351744915893,0.0,0.0,0.0,0.9893296510168215,0.0,0.005021340697966357,0.0,0.005397941250313834
13135050607,0.0,0.0,0.0,0.0,0.0,0.9949853017464984,0.0,0.005014698253501643,0.0,0.0
13135050608,0.0,0.0006004202942059442,0.0,0.0,0.0,0.9876913839687781,0.0,0.011708195737015911,0.0,0.0
13135050609,0.0,0.00022172949002217295,0.0,0.00022172949002217295,0.0,0.9609756097560975,0.0,0.012195121951219513,0.0,0.02638580931263858
13135050610,0.0,0.0,0.0,0.0,0.0,0.9948914431673053,0.0,0.005108556832694764,0.0,0.0
13135050709,0.00045034902049088043,0.0,0.0,0.0,0.0,0.958567890114839,0.0,0.04098176086467012,0.0,0.0
13135050712,0.0,0.0,0.0,0.0,0.0,0.9984270546598506,0.0,0.0015729453401494297,0.0,0.0
13135050713,0.0,0.0004060089321965083,0.0,0.0,0.0,0.999187982135607,0.0,0.0004060089321965083,0.0,0.0
13135050714,0.0005149330587023687,0.0,0.0,0.0,0.0,0.9979402677651905,0.0,0.001544799176107106,0.0,0.0
13135050715,0.0,0.0,0.0,0.0,0.0,0.9961368653421634,0.0,0.003863134657836645,0.0,0.0
13135050718,0.0003325573661456601,0.0006651147322913202,0.0,0.0,0.0,0.9960093116062521,0.0,0.0029930162953109413,0.0,0.0
13135050719,0.08193883439122908,0.05020196191575303,0.0,0.004039238315060588,0.0,0.7426428159261397,0.0,0.0028851702250432777,0.0,0.11829197922677438
13135050720,0.0,0.0015026296018031556,0.0,0.0,0.0,0.9969947407963937,0.0,0.0015026296018031556,0.0,0.0
13135050721,0.0,0.010233450591621363,0.0,0.0,0.0,0.9888071634154141,0.0,0.0009593859929645027,0.0,0.0
13135050722,0.0,0.0,0.0,0.0,0.0,0.9990974729241877,0.0,0.0009025270758122744,0.0,0.0
13135050723,0.00038654812524159255,0.0,0.0,0.0,0.0,0.9972941631233089,0.0,0.0023192887514495554,0.0,0.0
13135050724,0.0004944783253667381,0.0009889566507334763,0.0,0.0,0.0,0.9850008241305422,0.0,0.01285643645953519,0.0,0.0006593044338223175
13135050725,0.0,0.015768056968463885,0.0,0.0,0.0,0.9821973550356052,0.0,0.002034587995930824,0.0,0.0
13135050726,0.0,0.0,0.0,0.0,0.0,0.9957947855340622,0.0,0.004205214465937763,0.0,0.0
13135050727,0.0,0.0005448106782892945,0.0,0.0,0.0,0.9961863252519749,0.0,0.003268864069735767,0.0,0.0
13135050728,0.0,0.00019201228878648233,0.0,0.0,0.0,0.9969278033794163,0.0,0.002880184331797235,0.0,0.0
13135050729,0.0011273957158962795,0.0,0.0,0.002254791431792559,0.0,0.9966178128523112,0.0,0.0,0.0,0.0
13135050730,0.0,0.0,0.0,0.0,0.0,0.9296936370777691,0.0,0.07030636292223096,0.0,0.0
13135050731,0.0,0.0,0.0,0.0,0.0,0.9946635042988438,0.0,0.005336495701156241,0.0,0.0
13151070104,0.005199716379106594,0.009690380524698653,0.0,0.0004727014890096904,0.0,0.9234223587804301,0.0,0.0009454029780193808,0.0,0.06026943984873552
13151070106,0.0018876828692779614,0.015101462954223691,0.0,0.0,0.0,0.9603586597451628,0.0,0.022652194431335537,0.0,0.0
13151070107,0.0007987220447284345,0.0,0.0,0.0,0.0,0.9836261980830671,0.011182108626198083,0.00439297124600639,0.0,0.0
13151070108,0.0011254924029262803,0.03376477208778841,0.0,0.0,0.0,0.955543050084412,0.0,0.009566685424873381,0.0,0.0
13151070109,0.0,0.0007830853563038371,0.0,0.0,0.0,0.995301487862177,0.0,0.003915426781519186,0.0,0.0
13151070110,0.0,0.000346860908775581,0.0,0.0,0.0,0.9889004509191814,0.0,0.010752688172043012,0.0,0.0
13151070111,0.004044117647058824,0.014705882352941176,0.0,0.0007352941176470588,0.0,0.9775735294117647,0.0,0.0029411764705882353,0.0,0.0
13151070113,0.0,0.002099737532808399,0.0,0.0,0.0,0.9396325459317585,0.0,0.004724409448818898,0.0,0.05354330708661417
13151070114,0.008383233532934131,0.003592814371257485,0.0,0.008383233532934131,0.0,0.9712574850299401,0.0,0.008383233532934131,0.0,0.0
13151070202,0.0,0.0009918175055789735,0.0,0.0,0.0,0.9938011405901315,0.0,0.005207041904289611,0.0,0.0
13151070203,0.000957548675390999,0.0003191828917969997,0.0,0.00015959144589849984,0.0,0.9924992020427705,0.0,0.006064474944142994,0.0,0.0
13151070204,0.0010598834128245894,0.0,0.0,0.0,0.0,0.9666136724960255,0.0,0.03232644409114997,0.0,0.0
13151070205,0.0,0.0002925687536571094,0.0,0.0002925687536571094,0.0,0.8832650672908133,0.0,0.11614979520187244,0.0,0.0
13151070304,0.00267538644470868,0.0077288941736028535,0.0,0.0014863258026159335,0.0,0.8873365041617123,0.0,0.0038644470868014267,0.0,0.09690844233055886
13151070305,0.00026041666666666666,0.0,0.0,0.00026041666666666666,0.0,0.9963541666666667,0.0,0.003125,0.0,0.0
13151070306,0.0005534034311012728,0.0,0.0002767017155506364,0.0008301051466519093,0.0,0.9548976203652463,0.0,0.001383508577753182,0.0,0.042058660763696736
13151070307,0.0,0.0004880429477794046,0.0,0.0,0.0,0.9663250366032211,0.0,0.0004880429477794046,0.0,0.03269887750122011
13151070309,0.0,0.0,0.0,0.0,0.0,0.9736649597659107,0.025237746891002194,0.0010972933430870519,0.0,0.0
13151070310,0.00041718815185648727,0.003337505214851898,0.0,0.00041718815185648727,0.0,0.9920734251147267,0.0,0.0037546933667083854,0.0,0.0
13151070311,0.0017059024223814397,0.00511770726714432,0.0,0.0030706243602865915,0.0,0.7864210167178437,0.0,0.0020470829068577278,0.0,0.2016376663254862
13151070402,0.0007132667617689016,0.0,0.0,0.0,0.0,0.9764621968616263,0.0,0.02282453637660485,0.0,0.0
13151070403,0.00024271844660194174,0.00024271844660194174,0.0,0.0,0.0,0.9065533980582524,0.0,0.0929611650485437,0.0,0.0
13151070404,0.0003168567807351077,0.0003168567807351077,0.0,0.0006337135614702154,0.0,0.9797211660329531,0.0,0.0063371356147021544,0.0,0.012674271229404309
13151070501,0.0,0.008393742846241892,0.0,0.00038153376573826786,0.0,0.8798168637924456,0.0,0.11140785959557421,0.0,0.0
13151070502,0.0008533879501621437,0.00273084144051886,0.0,0.00017067759003242875,0.0,0.972520908004779,0.0035842293906810036,0.018091824543437447,0.0,0.002048131080389145
13247060101,0.0,0.0,0.0,0.0,0.0,0.9581589958158996,0.006276150627615063,0.03556485355648536,0.0,0.0
13247060102,0.0,0.0,0.0,0.0,0.0,0.8541953232462174,0.0,0.14580467675378267,0.0,0.0
13247060201,0.0,0.0,0.0,0.0,0.0,0.22163120567375885,0.0,0.7783687943262412,0.0,0.0
13247060202,0.0,0.002105263157894737,0.0,0.0,0.0,0.9821052631578947,0.0,0.015789473684210527,0.0,0.0
13247060304,0.005305039787798408,0.04376657824933687,0.0,0.0,0.0,0.9429708222811671,0.0,0.006631299734748011,0.001326259946949602,0.0
13247060305,0.04032997250229148,0.03134738771769019,0.0,0.0,0.0,0.9235563703024748,0.0,0.004766269477543538,0.0,0.0
13247060306,0.0,0.0,0.0,0.0,0.0,0.9975062344139651,0.0,0.0024937655860349127,0.0,0.0
13247060307,0.0012586532410320957,0.11013215859030837,0.0,0.0,0.0,0.8842039018250472,0.0,0.004405286343612335,0.0,0.0
13247060308,0.0024479804161566705,0.10893512851897184,0.0,0.0,0.0,0.8849449204406364,0.0,0.0036719706242350062,0.0,0.0
13247060309,0.008469994593620472,0.05856911155163092,0.0,0.0,0.0,0.9259326004685529,0.0,0.0061272301315552355,0.00018021265092809516,0.0007208506037123806
13247060403,0.0,0.0,0.0,0.0,0.0,0.9669811320754716,0.0,0.0330188679245283,0.0,0.0
13247060404,0.00047214353163361664,0.00023607176581680832,0.0,0.0,0.0,0.9992917847025495,0.0,0.0,0.0,0.0
13247060405,0.0,0.0,0.0,0.0,0.0,0.9884393063583815,0.0,0.011560693641618497,0.0,0.0
13247060406,0.0,0.0,0.0,0.0,0.0,0.9954128440366973,0.0,0.0045871559633027525,0.0,0.0
13247060407,0.0,0.0,0.0,0.0,0.0,1.0,0.0,0.0,0.0,0.0
