GEOID,Agricultural,Commercial Office,Commercial Office - 2+ Floors,Commercial Office - Mixed Use,Commercial Retail,Commercial Retail - Condomium,Commercial Retail - Department Store,Commercial Retail - Food & Drink,Commercial Retail - Gas and Service Station,"Commercial Retail - Hotel, Motel, Resort","Commercial Retail - Liquor, Convenience Store",Commercial Retail - Mall,"Commercial Retail - Park Lot, Garage","Commercial Retail - Shopping Plaza, Mini-Mall",Commercial Retail - Truck Stop,"Commercial Retail - Vet, Animal Hospital",Industrial ,"Industrial - Storage Yard, Open Storage",Industrial - Warehouse,Industrial-Heavy,"Industrial-Heavy - Distillery,Brewery, Bottling",Industrial-Heavy - Distribution Warehouse,Multi-Family Residential,Multi-Family Residential - 2 to 4 units,Multi-Family Residential - 5+ units,Multi-Family Residential - High-Rise,Multi-Family Residential - Mobile Home Park,Residential  ,Residential - Condo,Residential - Mobile Home Park,Residential - Parking Garage,Residential - Townhouse
13057090100,0,22,0,0,41,0,0,6,1,0,5,0,0,1,0,0,50,0,13,2,0,0,2,1,0,0,0,3443,24,392,0,0
13057090200,0,7,0,0,11,0,1,2,0,0,3,0,0,1,0,0,0,0,6,1,0,0,3,3,0,0,0,2979,63,337,0,0
13057090300,0,15,0,0,12,0,0,1,0,0,3,0,0,0,0,0,2,0,1,2,0,0,17,0,0,1,0,4515,0,172,0,126
13057090400,0,112,0,0,49,0,0,28,2,7,8,2,0,13,0,0,43,0,9,0,0,0,39,10,10,1,0,2022,84,103,0,154
13057090501,0,22,0,0,12,0,1,1,0,0,6,0,0,1,0,0,2,0,10,2,0,0,2,0,0,0,0,2168,0,164,0,0
13057090502,0,16,0,0,31,0,0,5,0,0,2,0,0,3,0,0,8,0,3,3,0,0,0,5,0,0,0,4878,0,154,0,0
13057090601,0,45,0,0,52,0,1,8,1,0,10,0,0,8,0,0,13,0,12,0,0,0,46,3,1,0,0,1796,0,109,0,104
13057090602,0,76,0,0,37,0,3,11,1,0,5,2,0,7,0,0,30,0,3,0,0,0,17,3,1,0,0,2583,0,118,0,20
13057090701,0,52,0,0,25,0,1,6,0,1,7,0,0,10,0,0,21,0,5,1,0,0,2,5,0,0,0,6707,109,121,0,438
13057090702,0,43,0,0,32,0,0,1,0,0,3,0,0,6,0,0,99,0,11,0,0,0,32,1,0,0,0,2329,0,154,0,30
13057090802,0,22,0,0,20,0,0,3,0,0,3,0,0,4,0,0,0,0,3,3,0,0,2,2,0,0,0,2611,1,59,0,0
13057090803,0,28,0,0,16,0,1,5,0,0,0,0,0,6,0,0,2,0,1,0,0,0,0,5,0,0,0,3917,0,42,0,70
13057090804,0,8,0,0,7,0,0,3,0,0,4,0,0,2,0,0,2,0,2,0,0,0,0,0,0,0,0,3035,91,95,0,346
13057090901,0,1,0,0,3,0,0,0,0,0,1,0,0,1,0,0,1,0,10,0,0,0,1,1,0,0,0,2865,0,129,0,8
13057090902,0,109,0,0,18,0,0,8,0,0,2,1,0,7,0,0,0,0,0,0,0,0,3,2,0,0,0,4984,0,10,0,1018
13057090904,0,38,0,0,27,0,0,5,0,0,4,0,0,10,0,0,14,0,3,0,0,0,26,2,2,1,0,2901,65,111,0,64
13057090905,0,32,0,0,14,0,0,2,0,0,1,0,0,0,0,0,6,0,2,0,0,0,1,3,0,0,0,1471,42,13,0,0
13057091001,0,201,0,0,47,0,2,26,0,3,5,4,0,11,0,0,46,0,7,0,0,0,13,3,1,0,0,900,43,134,0,343
13057091003,0,28,0,0,46,0,2,9,1,0,6,3,0,19,0,0,56,0,13,1,0,0,4,4,0,0,0,1689,0,133,0,334
13057091005,0,22,0,0,12,0,1,6,2,0,1,1,0,5,0,0,0,0,1,0,0,0,1,3,0,0,0,1984,0,40,0,0
13057091006,0,59,0,0,8,0,0,3,0,0,1,0,0,3,0,0,0,0,0,0,0,0,0,3,0,0,0,1625,0,2,0,40
13057091007,0,14,0,0,0,0,0,0,0,0,1,0,0,0,0,0,0,0,1,3,0,0,0,0,0,0,0,2114,118,2,0,60
13057091008,0,108,0,0,2,0,0,3,0,0,2,0,0,3,0,0,0,0,0,0,0,0,2,2,0,0,0,2628,40,0,0,0
13057091101,0,7,0,0,5,0,1,2,0,0,3,0,0,2,0,0,7,0,5,0,0,0,0,1,1,0,0,2148,0,41,0,54
13057091102,0,7,0,0,27,0,1,1,3,1,3,0,0,4,0,0,1,0,0,0,0,0,2,1,0,0,0,2729,0,241,0,0
13057091103,0,4,0,0,10,0,0,3,0,3,3,0,0,0,0,0,22,0,7,0,0,0,2,1,0,0,0,3268,3,129,0,388
13063040202,0,0,0,0,49,0,0,0,0,0,0,0,0,0,0,0,183,0,0,0,0,0,0,0,0,0,0,734,0,0,0,0
13063040203,0,0,0,0,49,0,0,0,0,0,0,0,0,0,0,0,0,0,0,0,0,0,0,0,0,0,0,1009,116,0,0,0
13063040204,0,0,0,0,68,0,0,0,0,0,0,0,0,0,0,0,0,0,0,0,0,0,0,0,0,0,0,1078,0,0,0,0
13063040302,0,0,0,0,93,0,0,0,0,0,0,0,0,0,0,0,50,0,0,0,0,0,0,0,0,0,0,1439,0,0,0,0
13063040303,0,0,0,0,223,0,0,0,0,0,0,0,0,0,0,0,16,0,0,0,0,0,0,0,0,0,0,2023,0,0,0,0
13063040306,0,0,0,0,44,0,0,0,0,0,0,0,0,0,0,0,74,0,0,0,0,0,0,0,0,0,0,197,0,0,0,0
13063040307,0,0,0,0,10,0,0,0,0,0,0,0,0,0,0,0,0,0,0,0,0,0,0,0,0,0,0,1589,0,0,0,0
13063040308,0,0,0,0,339,0,0,0,0,0,0,0,0,0,0,0,240,0,0,0,0,0,0,0,0,0,0,1207,105,0,0,0
13063040407,0,0,0,0,175,0,0,0,0,0,0,0,0,0,0,0,167,0,0,0,0,0,0,0,0,0,0,2341,0,0,0,0
13063040408,0,0,0,0,76,0,0,0,0,0,0,0,0,0,0,0,1,0,0,0,0,0,0,0,0,0,0,1485,0,0,0,0
13063040409,1,0,0,0,28,0,0,0,0,0,0,0,0,0,0,0,1,0,0,0,0,0,0,0,0,0,0,1806,0,0,0,0
13063040410,5,0,0,0,88,0,0,0,0,0,0,0,0,0,0,0,209,0,0,0,0,0,0,0,0,0,0,2358,0,0,0,0
13063040411,20,0,0,0,56,0,0,0,0,0,0,0,0,0,0,0,2,0,0,0,0,0,0,0,0,0,0,5646,2,0,0,0
13063040412,0,0,0,0,140,0,0,0,0,0,0,0,0,0,0,0,48,0,0,0,0,0,0,0,0,0,0,1798,200,0,0,0
13063040413,2,0,0,0,41,0,0,0,0,0,0,0,0,0,0,0,0,0,0,0,0,0,0,0,0,0,0,2709,0,0,0,0
13063040414,0,0,0,0,50,0,0,0,0,0,0,0,0,0,0,0,9,0,0,0,0,0,0,0,0,0,0,555,0,0,0,0
13063040415,0,0,0,0,142,0,0,0,0,0,0,0,0,0,0,0,10,0,0,0,0,0,0,0,0,0,0,631,0,0,0,0
13063040416,0,0,0,0,79,0,0,0,0,0,0,0,0,0,0,0,0,0,0,0,0,0,0,0,0,0,0,1124,122,0,0,0
13063040417,0,0,0,0,132,0,0,0,0,0,0,0,0,0,0,0,54,0,0,0,0,0,0,0,0,0,0,637,0,0,0,0
13063040509,5,0,0,0,3,0,0,0,0,0,0,0,0,0,0,0,0,0,0,0,0,0,0,0,0,0,0,1767,0,0,0,0
13063040510,2,0,0,0,114,0,0,0,0,0,0,0,0,0,0,0,6,0,0,0,0,0,0,0,0,0,0,883,0,0,0,0
13063040512,4,0,0,0,78,0,0,0,0,0,0,0,0,0,0,0,0,0,0,0,0,0,0,0,0,0,0,1502,0,0,0,0
13063040513,2,0,0,0,91,0,0,0,0,0,0,0,0,0,0,0,0,0,0,0,0,0,0,0,0,0,0,1987,0,0,0,0
13063040514,0,0,0,0,74,0,0,0,0,0,0,0,0,0,0,0,2,0,0,0,0,0,0,0,0,0,0,1711,0,0,0,0
13063040515,2,0,0,0,39,0,0,0,0,0,0,0,0,0,0,0,1,0,0,0,0,0,0,0,0,0,0,2332,40,0,0,0
13063040516,1,0,0,0,29,0,0,0,0,0,0,0,0,0,0,0,0,0,0,0,0,0,0,0,0,0,0,2255,0,0,0,0
13063040518,1,0,0,0,5,0,0,0,0,0,0,0,0,0,0,0,0,0,0,0,0,0,0,0,0,0,0,1554,0,0,0,0
13063040519,0,0,0,0,25,0,0,0,0,0,0,0,0,0,0,0,0,0,0,0,0,0,0,0,0,0,0,70,0,0,0,0
13063040520,0,0,0,0,20,0,0,0,0,0,0,0,0,0,0,0,18,0,0,0,0,0,0,0,0,0,0,569,0,0,0,1
13063040521,0,0,0,0,19,0,0,0,0,0,0,0,0,0,0,0,0,0,0,0,0,0,0,0,0,0,0,1086,0,0,0,0
13063040522,0,0,0,0,198,0,0,0,0,0,0,0,0,0,0,0,7,0,0,0,0,0,0,0,0,0,0,1175,72,0,0,0
13063040523,0,0,0,0,103,0,0,0,0,0,0,0,0,0,0,0,5,0,0,0,0,0,0,0,0,0,0,677,0,0,0,0
13063040524,0,0,0,0,33,0,0,0,0,0,0,0,0,0,0,0,0,0,0,0,0,0,0,0,0,0,0,2190,36,0,0,0
13063040525,0,0,0,0,3,0,0,0,0,0,0,0,0,0,0,0,0,0,0,0,0,0,0,0,0,0,0,989,128,0,0,0
13063040526,4,0,0,0,17,0,0,0,0,0,0,0,0,0,0,0,0,0,0,0,0,0,0,0,0,0,0,2094,72,0,0,0
13063040606,25,0,0,0,88,0,0,0,0,0,0,0,0,0,0,0,16,0,0,0,0,0,0,0,0,0,0,1732,0,0,0,0
13063040608,146,0,0,0,45,0,0,0,0,0,0,0,0,0,0,0,0,0,0,0,0,0,0,0,0,0,0,5738,0,0,0,0
13063040609,4,0,0,0,112,0,0,0,0,0,0,0,0,0,0,0,20,0,0,0,0,0,0,0,0,0,0,2113,0,0,0,0
13063040611,0,0,0,0,196,0,0,0,0,0,0,0,0,0,0,0,23,0,0,0,0,0,0,0,0,0,0,1332,0,0,0,0
13063040612,0,0,0,0,264,0,0,0,0,0,0,0,0,0,0,0,13,0,0,0,0,0,0,0,0,0,0,1670,0,0,0,0
13063040613,14,0,0,0,55,0,0,0,0,0,0,0,0,0,0,0,51,0,0,0,0,0,0,0,0,0,0,3370,36,0,0,0
13063040614,8,0,0,0,48,0,0,0,0,0,0,0,0,0,0,0,4,0,0,0,0,0,0,0,0,0,0,2229,0,1,0,0
13063040615,3,0,0,0,45,0,0,0,0,0,0,0,0,0,0,0,0,0,0,0,0,0,0,0,0,0,0,720,0,0,0,0
13063040616,1,0,0,0,95,0,0,0,0,0,0,0,0,0,0,0,0,0,0,0,0,0,0,0,0,0,0,1643,0,0,0,0
13063040617,0,0,0,0,37,0,0,0,0,0,0,0,0,0,0,0,0,0,0,0,0,0,0,0,0,0,0,8,0,2,0,0
13063040619,4,0,0,0,10,0,0,0,0,0,0,0,0,0,0,0,5,0,0,0,0,0,0,0,0,0,0,811,20,0,0,0
13063040620,31,0,0,0,31,0,0,0,0,0,0,0,0,0,0,0,14,0,0,0,0,0,0,0,0,0,0,1720,1,0,0,0
13063040621,4,0,0,0,25,0,0,0,0,0,0,0,0,0,0,0,0,0,0,0,0,0,0,0,0,0,0,3269,1,0,0,0
13063040622,14,0,0,0,41,0,0,0,0,0,0,0,0,0,0,0,3,0,0,0,0,0,0,0,0,0,0,2694,0,0,0,0
13063980000,0,0,0,0,33,0,0,0,0,0,0,0,0,0,0,0,18,0,0,0,0,0,0,0,0,0,0,0,0,0,0,0
13067030101,0,73,0,3,47,0,0,6,0,0,6,0,0,5,0,1,1,0,0,1,0,0,0,4,0,0,0,2674,107,219,0,0
13067030103,0,90,0,26,133,0,1,13,0,0,4,0,0,14,0,1,7,0,0,8,0,0,0,11,4,0,2,3135,98,94,0,0
13067030104,0,23,0,11,31,0,0,5,0,3,3,0,0,3,0,0,1,0,0,0,0,0,0,25,4,0,0,1084,224,0,0,0
13067030106,0,16,0,5,9,0,0,3,0,4,3,0,0,5,0,0,4,0,0,0,0,0,0,6,27,1,0,1993,35,1,0,0
13067030107,0,0,0,1,6,0,0,1,0,0,1,0,0,0,0,0,0,0,0,0,0,0,0,0,0,0,0,1714,62,0,0,0
13067030209,0,46,0,2,10,0,0,7,0,0,1,0,0,8,0,1,0,0,0,0,0,0,0,1,0,0,0,2592,0,0,0,0
13067030214,0,0,0,1,10,0,0,3,0,1,2,0,0,7,0,1,0,0,0,0,0,0,0,1,1,0,0,2798,0,0,0,0
13067030215,0,10,0,2,13,0,0,2,0,2,3,0,0,4,0,0,0,0,0,0,0,0,0,0,0,0,0,2796,0,228,0,0
13067030218,0,0,0,0,2,0,0,0,0,0,1,0,0,0,0,0,0,0,0,0,0,0,0,0,0,0,0,1835,0,1,0,0
13067030219,0,66,0,0,12,0,0,4,0,0,1,0,0,7,0,1,0,0,0,0,0,0,0,0,0,0,0,3367,0,0,0,0
13067030220,0,0,0,1,5,0,0,1,0,0,2,0,0,2,0,0,0,0,0,0,0,0,0,0,0,0,0,588,0,0,0,0
13067030222,0,21,0,0,0,0,0,1,0,0,0,0,0,2,0,0,0,0,0,0,0,0,0,0,0,0,0,2054,0,0,0,0
13067030223,0,37,0,1,13,0,0,5,0,2,3,0,0,2,0,0,0,0,0,0,0,0,0,2,3,1,0,1690,92,0,0,0
13067030224,0,19,0,3,17,0,0,0,0,0,0,0,0,4,0,0,0,0,0,0,0,0,0,1,1,1,1,2209,44,0,0,0
13067030226,0,31,0,0,41,0,0,2,0,0,2,0,0,4,0,0,3,0,0,0,0,0,0,0,2,0,0,2642,489,0,0,0
13067030227,0,62,0,59,159,0,0,7,0,1,3,0,0,12,0,2,19,0,0,4,0,0,1,8,6,0,1,2139,278,2,0,0
13067030228,0,43,3,2,32,0,6,19,0,12,3,2,1,16,0,0,1,0,0,0,0,0,0,0,19,0,0,1093,136,0,0,0
13067030229,0,293,0,16,89,0,0,27,0,7,6,0,0,11,0,0,1,0,0,4,0,0,0,1,0,0,2,737,423,57,0,0
13067030230,0,29,0,3,64,0,0,7,0,0,4,0,0,9,0,0,4,0,0,6,0,0,0,0,4,3,1,2497,980,113,0,0
13067030231,0,9,0,3,15,0,0,7,0,0,2,0,0,6,0,1,0,0,0,0,0,0,0,1,0,0,0,2965,56,0,0,0
13067030232,0,0,0,0,0,0,0,0,0,0,0,0,0,0,0,0,0,0,0,0,0,0,0,2,0,0,2,1957,0,96,0,0
13067030233,0,1,0,1,1,0,0,0,0,0,0,0,0,2,0,0,0,0,0,0,0,0,0,1,0,0,0,1557,0,16,0,0
13067030234,0,0,0,0,2,0,0,0,0,0,0,0,0,1,0,0,0,0,0,0,0,0,0,0,0,0,0,2167,0,0,0,0
13067030235,0,37,0,1,4,0,0,0,0,0,1,0,0,2,0,1,0,0,0,0,0,0,0,1,0,0,0,1654,29,0,0,0
13067030236,0,0,0,0,0,0,0,0,0,0,0,0,0,0,0,0,0,0,0,0,0,0,0,0,0,0,0,1565,0,0,0,0
13067030238,0,0,0,1,3,0,0,1,0,0,0,0,0,0,0,0,0,0,0,0,0,0,0,0,0,0,0,2120,0,14,0,0
13067030239,0,24,0,1,8,0,0,2,0,0,1,0,0,7,0,2,0,0,0,0,0,0,0,0,0,0,0,2749,0,0,0,0
13067030310,0,7,0,8,73,0,0,1,0,1,1,0,0,3,0,1,3,0,0,0,0,0,0,35,0,0,0,2678,185,0,0,0
13067030311,0,36,0,17,51,0,0,1,0,0,1,0,0,3,0,0,6,0,0,4,0,0,0,0,0,0,0,2336,0,1,0,0
13067030312,0,64,0,16,32,0,0,5,0,0,3,0,0,11,0,0,0,0,0,0,0,0,0,3,0,0,0,2541,52,0,0,0
13067030313,0,23,0,10,25,0,0,11,0,0,4,0,0,6,0,0,0,0,0,0,0,0,0,0,0,0,0,3110,30,0,0,0
13067030314,0,49,0,3,7,0,0,2,0,0,1,0,0,2,0,1,0,0,0,0,0,0,0,0,0,0,0,2827,0,6,0,0
13067030318,0,72,0,2,14,0,0,3,0,0,3,0,0,1,0,0,0,0,0,0,0,0,0,1,1,0,0,2907,0,0,0,0
13067030319,0,38,0,0,5,0,0,4,0,0,1,0,0,4,0,0,0,0,0,0,0,0,0,0,0,0,0,1140,721,0,0,0
13067030320,0,45,7,0,3,0,0,3,0,1,2,0,0,0,0,0,0,0,0,0,0,0,0,0,4,0,0,1593,1060,0,0,0
13067030322,0,45,0,0,2,0,0,1,0,0,1,0,0,0,0,0,0,0,0,0,0,0,0,0,0,0,0,1257,0,1,0,0
13067030324,0,2,0,0,6,0,0,1,0,0,0,0,0,0,0,0,1,0,0,0,0,0,0,0,0,0,0,1279,0,0,0,0
13067030326,0,2,0,3,5,0,0,2,0,0,2,0,0,4,0,1,0,0,0,0,0,0,0,1,0,0,0,1546,0,0,0,0
13067030327,0,0,0,0,2,2,0,3,0,1,0,0,0,0,0,0,0,0,0,0,0,0,0,1,0,0,0,1767,2,0,0,0
13067030328,0,87,0,5,18,0,0,4,0,0,3,0,0,6,0,1,0,0,0,0,0,0,0,0,0,0,0,2405,0,1,0,0
13067030329,0,1,0,2,21,0,0,5,1,0,1,0,0,3,0,0,0,0,0,0,0,0,0,0,0,0,0,1699,0,0,0,0
13067030330,0,19,0,2,4,0,0,2,0,0,0,0,0,2,0,0,0,0,0,0,0,0,0,1,0,0,0,2125,0,3,0,0
13067030331,0,0,0,0,0,0,0,0,0,0,0,0,0,0,0,0,0,0,0,0,0,0,0,0,0,0,0,2065,0,0,0,0
13067030332,0,89,0,1,9,0,0,0,2,0,0,0,0,5,0,1,0,0,0,0,0,0,0,0,0,0,0,1084,0,10,0,0
13067030333,0,2,0,0,3,0,0,0,0,0,2,0,0,1,0,1,0,0,0,0,0,0,0,2,0,0,0,2331,0,3,0,0
13067030334,0,34,0,1,8,0,1,5,0,0,0,0,0,7,0,2,0,0,0,0,0,0,0,1,0,0,0,1249,91,0,0,0
13067030335,0,0,0,0,0,0,0,0,0,0,0,0,0,0,0,0,0,0,0,0,0,0,0,1,0,0,0,1818,0,0,0,0
13067030336,0,10,0,3,16,0,0,6,0,0,3,0,0,8,0,0,0,0,0,0,0,0,0,0,0,0,0,2488,0,0,0,0
13067030337,0,19,0,0,6,0,0,2,0,0,0,0,0,1,0,0,0,0,0,0,0,0,0,1,0,0,0,1603,84,0,0,0
13067030339,0,7,8,0,10,0,0,6,0,3,1,0,0,5,0,0,0,0,0,0,0,0,0,0,8,0,0,224,229,0,0,0
13067030340,0,4,0,0,3,0,0,3,0,0,1,0,0,2,0,0,0,0,0,0,0,0,0,0,0,0,0,1303,0,0,0,0
13067030341,0,2,0,0,1,0,0,0,0,0,1,0,0,2,0,0,0,0,0,0,0,0,0,0,0,0,0,1605,0,0,0,0
13067030342,0,25,0,0,4,0,0,3,0,0,1,0,0,3,0,0,0,0,0,0,0,0,0,0,0,0,0,1707,0,0,0,0
13067030343,0,45,0,0,0,0,0,0,0,0,0,0,0,2,0,1,0,0,0,0,0,0,0,0,0,0,0,1634,0,0,0,0
13067030344,0,85,4,0,12,0,0,5,0,8,4,0,0,8,0,0,0,0,0,0,0,0,0,0,6,0,0,1,605,0,0,0
13067030345,0,49,20,0,34,0,0,13,0,11,1,0,2,9,0,0,0,0,0,0,0,0,0,0,18,0,0,298,121,0,0,0
13067030405,0,13,0,86,29,0,0,8,0,4,3,0,0,5,0,0,0,0,0,0,0,0,1,2,7,0,0,1212,684,0,0,0
13067030407,0,1,0,2,9,0,0,1,0,0,3,0,0,3,0,0,0,0,0,0,0,0,0,1,2,0,0,1783,199,3,0,0
13067030408,0,4,0,0,5,0,0,4,0,0,1,0,0,3,0,1,0,0,0,0,0,0,0,0,2,0,0,909,34,0,0,0
13067030409,0,1,0,3,3,0,0,0,0,0,0,0,0,1,0,0,0,0,0,0,0,0,0,0,0,0,0,1308,0,0,0,0
13067030410,0,15,0,41,16,0,0,1,1,1,1,0,0,3,0,0,1,0,0,0,0,0,0,1,6,0,0,1022,92,0,0,0
13067030411,0,33,3,3,39,0,0,11,0,7,2,0,0,6,0,0,1,0,0,0,0,0,0,0,4,0,0,58,135,0,0,0
13067030412,0,1,0,3,61,0,0,2,0,3,3,0,0,4,0,0,0,0,0,1,0,0,0,0,6,0,0,11,502,4,0,0
13067030413,0,22,0,0,7,0,0,3,0,2,3,0,0,5,0,0,0,0,0,0,0,0,0,0,6,0,0,24,430,0,0,0
13067030414,0,18,0,2,74,0,0,2,0,7,2,0,0,2,0,0,0,0,0,0,0,0,0,0,7,0,0,0,0,0,0,0
13067030502,0,53,0,9,125,0,0,2,1,1,2,0,0,2,0,0,29,0,0,1,0,0,0,0,0,1,0,2496,101,5,0,0
13067030504,0,12,0,7,36,0,0,0,0,0,4,0,0,0,0,1,0,0,0,0,0,0,0,25,1,0,0,1643,657,0,0,0
13067030505,0,9,0,15,69,0,0,12,0,0,2,0,0,9,0,2,7,0,0,0,0,0,0,1,27,0,0,599,0,106,0,0
13067030506,0,14,0,23,100,0,0,5,2,1,3,0,0,7,0,0,2,0,0,0,0,0,0,8,2,0,0,1256,82,0,0,0
13067030507,0,9,0,9,26,0,0,4,1,0,2,0,0,2,0,1,0,0,0,0,0,0,0,2,1,0,0,1936,68,0,0,0
13067030601,0,48,0,2,86,10,0,11,2,6,5,0,0,5,0,1,2,0,0,0,0,0,0,0,8,1,0,1020,755,1,0,0
13067030602,0,189,0,36,92,0,0,12,1,0,5,0,1,7,0,0,10,0,0,2,0,0,0,7,4,0,0,2073,337,0,0,0
13067030700,0,63,0,101,97,0,0,7,2,7,2,0,0,8,0,1,1,0,0,0,0,0,0,99,20,1,0,1107,8,0,0,0
13067030800,0,78,1,81,169,0,0,20,3,1,6,0,0,11,0,1,3,0,0,0,0,0,0,111,18,0,2,816,0,1,0,0
13067030901,0,59,0,7,13,0,0,3,0,0,1,0,0,3,0,0,0,0,0,0,0,0,1,101,4,0,0,2034,554,8,0,0
13067030902,0,50,0,50,97,0,0,13,0,1,5,0,0,3,0,0,1,0,0,0,0,0,0,49,8,2,2,1120,264,177,0,0
13067030904,0,2,0,6,21,0,0,6,0,0,2,0,0,5,0,0,3,0,0,0,0,0,0,139,9,1,1,762,692,124,0,0
13067030905,0,2,0,4,7,0,0,2,0,0,1,0,0,2,0,0,0,0,0,0,0,0,0,14,0,0,1,1384,211,313,0,0
13067031001,0,3,0,28,101,0,0,3,1,0,4,0,0,2,0,0,8,0,0,0,0,0,0,23,24,0,6,857,35,349,0,0
13067031002,0,6,0,26,45,0,0,2,0,0,5,0,0,1,0,2,2,0,0,0,0,0,1,8,58,5,0,1490,26,50,0,0
13067031004,0,1,0,6,16,0,0,5,0,1,2,0,0,2,0,0,0,0,0,0,0,0,0,8,13,4,0,1466,211,0,0,0
13067031005,0,0,0,16,29,0,0,1,0,4,3,0,0,5,0,0,0,0,0,0,0,0,0,5,0,0,1,1660,0,24,0,0
13067031101,0,22,0,38,60,4,0,11,1,0,3,0,0,4,0,2,0,0,0,0,0,0,0,47,12,0,0,1270,1,0,0,0
13067031106,0,17,0,12,20,0,0,1,0,0,1,0,0,7,0,0,0,0,0,0,0,0,0,0,1,0,1,2717,122,41,0,0
13067031108,0,8,0,17,47,0,0,2,0,0,3,0,0,2,0,0,7,0,0,0,0,0,0,57,20,0,0,868,952,1,0,0
13067031110,0,24,0,25,27,4,0,7,0,0,2,0,0,9,0,0,0,0,0,0,0,0,0,4,10,0,0,1097,97,0,0,0
13067031111,0,4,0,6,38,0,0,2,0,0,1,0,0,5,0,0,2,0,0,0,0,0,0,0,1,0,0,509,1130,0,0,0
13067031112,0,12,0,7,5,0,0,0,0,0,3,0,0,2,0,0,0,0,0,0,0,0,0,32,1,0,0,1798,38,0,0,0
13067031113,0,1,0,1,67,0,0,0,0,0,1,0,0,2,0,0,1,0,0,0,0,0,0,0,0,1,0,225,0,0,0,0
13067031114,0,16,1,0,25,0,0,10,0,1,2,0,0,12,0,1,1,0,0,0,0,0,0,0,10,1,0,359,521,1,0,0
13067031115,0,1,0,3,4,0,0,5,0,0,2,0,0,2,0,0,0,0,0,0,0,0,0,35,12,0,0,1447,112,40,0,0
13067031116,0,3,0,5,35,0,0,9,0,1,3,0,0,3,0,0,0,0,0,0,0,0,0,0,2,1,0,927,239,54,0,0
13067031117,0,1,0,0,5,0,0,0,0,0,0,0,0,0,0,0,0,0,0,0,0,0,0,0,1,0,0,1971,22,1,0,0
13067031118,0,4,0,11,28,0,0,7,0,0,2,0,0,2,0,0,1,0,0,0,0,0,0,1,2,0,1,1632,220,5,0,0
13067031205,0,19,0,8,61,0,0,0,1,2,1,0,0,5,0,0,5,0,0,4,0,0,0,0,5,1,0,745,1083,0,0,0
13067031206,0,130,0,10,106,2,0,17,2,6,4,0,0,17,0,0,12,0,0,0,0,0,0,2,11,1,0,2663,810,2,0,0
13067031207,0,12,21,3,4,0,2,4,0,5,0,1,1,3,0,1,0,0,0,0,0,0,0,0,9,0,0,420,523,0,0,0
13067031208,0,2,1,1,9,0,0,4,0,6,5,0,0,2,0,0,0,0,0,0,0,0,0,2,9,0,0,730,287,0,0,0
13067031209,0,12,1,2,10,0,0,1,0,1,2,0,0,3,0,0,0,0,0,0,0,0,0,6,0,0,0,1661,244,0,0,0
13067031211,0,58,0,0,5,2,0,3,0,1,1,0,0,4,0,0,0,0,0,0,0,0,0,0,9,0,0,420,234,0,0,0
13067031212,0,10,0,0,2,0,0,1,0,0,1,0,0,5,0,0,0,0,0,0,0,0,0,0,0,0,0,891,154,0,0,0
13067031306,0,4,0,13,85,0,0,9,0,1,7,0,0,5,0,0,0,0,0,0,0,0,0,57,3,0,0,1180,163,1,0,0
13067031307,0,6,0,3,20,0,0,6,0,1,2,0,0,6,0,1,0,0,0,0,0,0,0,9,0,0,2,2414,34,19,0,0
13067031308,0,4,0,9,65,0,0,7,0,0,2,0,0,12,0,1,1,0,0,0,0,0,0,35,11,0,0,1529,0,1,0,0
13067031309,0,3,0,0,54,0,0,1,0,0,1,0,0,0,0,0,2,0,0,0,0,0,0,11,0,0,4,2381,120,256,0,0
13067031310,0,3,0,4,73,0,0,1,0,5,4,0,0,0,0,0,5,0,0,0,0,0,0,0,4,3,4,348,186,425,0,0
13067031311,0,2,0,9,58,0,0,2,0,2,3,0,0,6,0,0,3,0,0,0,0,0,0,7,10,1,2,1717,353,145,0,0
13067031312,0,5,0,26,68,0,0,7,0,1,3,0,0,7,0,0,9,0,0,2,0,0,0,20,16,0,1,3164,299,286,0,0
13067031313,0,6,0,9,75,1,0,1,0,0,4,0,0,5,0,0,12,0,0,1,0,0,0,2,1,0,1,3482,269,0,0,0
13067031404,0,7,0,22,26,0,0,4,2,0,5,0,0,5,0,0,3,0,0,1,0,0,0,18,0,0,0,2268,0,0,0,0
13067031405,0,23,0,10,44,0,0,9,1,1,3,0,0,9,0,1,1,0,0,0,0,0,0,0,1,0,1,2691,73,50,0,0
13067031406,0,66,0,11,22,0,1,20,0,0,5,0,2,7,0,0,0,0,0,0,0,0,0,2,6,4,0,1158,443,0,0,0
13067031408,0,9,0,6,88,0,0,7,0,0,2,0,0,2,0,0,13,0,0,8,0,0,1,29,7,0,1,2089,53,76,0,0
13067031409,0,3,0,7,44,0,0,0,1,1,1,0,0,2,0,1,6,0,0,2,0,0,0,67,0,1,0,2073,148,2,0,0
13067031503,0,3,0,3,10,0,0,1,0,0,1,0,0,3,0,1,0,0,0,0,0,0,0,3,0,1,0,3195,0,1,0,0
13067031505,0,19,0,21,67,0,0,5,1,0,4,0,0,5,0,0,1,0,0,0,0,0,0,9,1,0,1,2276,44,36,0,0
13067031506,0,7,0,3,19,0,0,8,0,0,4,0,0,5,0,1,0,0,0,0,0,0,0,5,0,0,0,1913,84,0,0,0
13067031507,0,1,0,13,7,0,0,1,0,0,2,0,0,0,0,0,0,0,0,0,0,0,0,1,0,0,0,919,236,0,0,0
13067031508,0,1,0,0,35,0,0,0,0,0,2,0,0,2,0,0,4,0,0,0,0,0,0,1,0,0,0,2043,55,0,0,0
13067031509,0,1,0,1,11,0,0,1,1,0,2,0,0,3,0,0,0,0,0,0,0,0,0,1,0,0,0,3499,59,0,0,0
13089020100,0,2,0,0,4,0,0,0,0,0,0,0,0,0,0,0,0,0,4,0,0,0,4,9,0,0,0,572,19,0,0,36
13089020200,0,5,0,0,4,0,0,0,0,0,0,0,0,0,0,0,1,0,0,0,0,0,21,24,0,0,0,313,339,0,0,178
13089020300,0,5,0,0,9,0,0,2,0,0,0,0,0,0,0,0,0,0,4,0,0,0,9,84,0,0,0,1261,32,0,0,132
13089020400,0,4,0,0,11,0,0,6,2,0,0,0,0,0,0,0,0,0,0,0,0,0,17,62,0,0,0,644,233,0,0,44
13089020500,0,3,0,2,23,0,0,1,0,0,1,0,0,0,0,0,0,0,0,0,0,0,13,62,0,0,0,1084,101,0,0,129
13089020600,0,4,0,1,5,0,0,1,0,0,0,0,0,0,0,0,0,0,8,0,0,0,7,44,0,0,0,443,184,0,0,163
13089020700,0,5,0,0,15,0,0,3,0,0,2,0,0,0,0,0,0,0,4,0,0,0,15,22,0,0,0,675,93,0,0,29
13089020801,0,1,0,0,4,0,0,2,0,0,1,0,0,0,0,0,0,0,0,0,0,0,1,22,0,0,0,1221,0,0,0,0
13089020802,0,10,0,2,28,0,0,5,0,0,3,0,0,0,0,0,1,0,0,0,0,0,4,11,1,0,0,1413,0,0,0,30
13089020900,0,16,0,1,62,0,0,17,2,0,12,0,0,0,0,0,0,0,2,0,0,0,15,33,0,1,0,2498,15,0,0,90
13089021101,0,0,0,0,2,0,0,0,0,0,0,0,0,0,0,0,0,0,0,0,0,0,1,11,0,0,0,1430,11,0,0,0
13089021102,0,11,0,0,30,0,0,4,0,1,2,0,0,0,0,1,0,0,1,0,0,0,8,3,0,0,0,1251,533,0,0,162
13089021202,0,8,0,0,6,0,0,9,0,3,5,0,1,0,0,0,0,0,1,0,0,0,2,0,0,0,0,2141,548,0,0,111
13089021204,0,56,0,0,50,0,0,3,1,2,6,0,1,0,0,0,4,0,71,0,0,0,35,53,0,0,0,269,2,0,0,0
13089021208,0,64,0,0,95,0,0,18,1,1,4,0,2,0,0,0,5,0,73,0,0,1,29,0,0,0,0,903,464,0,0,25
13089021209,0,11,0,1,15,0,0,5,1,1,4,0,0,0,0,0,1,0,17,0,0,0,15,11,2,0,0,1095,264,0,0,390
13089021210,0,106,0,0,6,0,0,1,0,0,1,0,0,0,0,0,0,0,0,0,0,0,0,0,0,0,0,2138,10,0,0,0
13089021211,0,2,0,2,4,0,0,0,0,0,1,0,0,0,0,0,0,0,1,0,0,0,2,0,0,0,0,1903,148,0,0,29
13089021213,0,7,0,0,11,0,0,3,0,0,0,0,0,1,0,0,0,0,0,0,0,0,0,0,0,0,0,1176,5,0,0,52
13089021214,0,50,0,0,11,0,0,4,1,0,1,0,0,0,0,0,0,0,0,0,0,0,0,0,0,0,0,2027,59,0,0,50
13089021215,0,24,0,0,17,0,4,7,0,6,1,1,4,0,0,0,0,0,0,0,0,0,8,0,0,0,0,427,383,0,0,195
13089021216,0,30,0,0,13,0,0,4,0,1,1,1,0,0,0,0,1,0,0,0,0,0,9,0,0,0,0,961,113,0,0,116
13089021217,0,1,0,0,2,0,0,0,0,0,1,0,0,0,0,0,0,0,0,0,0,0,3,0,0,0,0,670,82,0,0,36
13089021218,0,54,0,0,6,0,0,4,1,0,2,0,0,0,0,0,0,0,2,0,0,0,9,0,0,0,0,213,1202,0,0,144
13089021301,0,51,0,0,125,0,0,9,1,0,4,0,0,0,0,0,0,0,40,0,0,0,13,0,0,0,0,264,37,0,0,139
13089021303,0,17,0,1,59,0,0,14,1,1,4,0,0,0,0,0,2,0,62,0,0,0,7,27,0,0,0,836,73,0,0,150
13089021305,0,5,0,0,16,0,0,0,2,0,2,0,0,0,0,0,0,0,0,0,0,0,6,0,0,0,0,545,28,0,0,63
13089021306,0,47,0,1,40,0,0,10,1,0,5,0,0,0,0,0,0,0,61,0,0,0,6,35,0,0,0,682,5,0,0,197
13089021307,0,35,0,0,32,0,0,6,1,2,0,0,0,0,0,0,1,0,21,0,0,0,7,3,0,0,0,1029,30,0,0,46
13089021308,0,63,0,0,32,0,0,3,1,3,4,0,0,0,0,0,0,0,10,0,0,0,6,68,0,0,0,901,89,0,0,40
13089021405,0,5,0,0,1,0,0,0,0,0,0,0,0,0,0,0,0,0,0,0,0,0,9,16,0,0,0,1398,206,0,0,167
13089021409,0,13,0,0,2,0,0,0,0,0,2,0,0,0,0,0,1,0,1,0,0,0,4,0,0,0,0,139,0,0,0,16
13089021410,0,21,0,0,11,0,0,4,0,2,0,0,0,0,0,0,0,0,2,0,0,0,14,31,0,0,0,619,221,0,0,44
13089021411,0,27,0,2,25,0,0,4,0,0,0,0,1,0,0,0,0,0,6,0,0,0,7,5,0,0,0,660,79,0,0,51
13089021412,0,22,0,0,20,0,0,3,1,0,2,0,0,0,0,0,1,0,5,0,0,0,5,41,0,0,0,1321,4,0,0,137
13089021413,0,0,0,0,5,0,0,4,0,0,2,0,0,0,0,0,0,0,0,0,0,0,13,0,0,0,0,336,26,0,0,34
13089021414,0,4,0,0,9,0,0,7,0,1,2,0,0,0,0,0,0,0,4,0,0,0,15,0,0,0,0,70,106,0,0,10
13089021415,0,22,0,0,9,0,0,5,0,3,3,0,0,0,0,0,1,0,1,0,0,0,8,19,0,0,0,899,5,0,0,169
13089021416,0,0,0,0,4,0,0,1,0,0,1,0,0,0,0,0,0,0,0,0,0,0,6,4,0,0,0,257,91,0,0,419
13089021417,0,32,0,0,17,0,0,13,1,2,3,0,0,0,0,0,0,0,9,0,0,0,12,0,0,0,0,137,257,0,0,64
13089021502,0,27,0,0,19,0,0,1,0,1,3,0,0,0,0,0,1,0,16,0,0,0,11,30,0,0,0,1119,194,0,0,0
13089021503,0,6,0,0,2,0,0,3,0,0,1,0,0,0,0,0,1,0,1,0,0,0,5,0,0,0,0,546,142,0,0,196
13089021504,0,19,0,0,11,0,0,9,0,1,2,0,0,0,0,0,0,0,2,0,0,0,8,11,0,0,0,836,417,0,0,153
13089021602,0,8,0,0,13,0,0,1,1,0,1,0,0,0,0,0,0,0,0,0,0,0,5,0,3,0,0,968,291,0,0,227
13089021603,0,33,0,0,18,0,0,10,1,1,2,0,1,0,0,0,0,0,9,0,0,0,8,0,0,0,0,951,501,0,0,111
13089021604,0,2,0,0,4,0,0,2,0,0,1,0,0,0,0,0,0,0,1,0,0,0,2,1,0,0,0,1246,79,0,0,81
13089021605,0,0,0,0,6,0,0,2,1,0,0,0,0,0,0,0,0,0,0,0,0,0,16,10,0,0,0,1136,111,0,0,44
13089021703,0,33,0,0,11,0,0,3,0,0,0,0,0,0,0,0,0,0,0,0,0,0,0,0,0,0,0,1841,10,0,0,0
13089021704,0,46,0,0,24,0,0,11,0,7,4,0,1,0,0,0,3,0,30,0,0,0,4,2,0,0,0,1917,233,0,0,48
13089021705,0,329,0,0,26,0,0,7,3,2,7,0,0,0,0,0,0,0,25,0,0,0,10,0,0,0,0,562,340,0,0,18
13089021706,0,6,0,0,3,0,0,0,0,0,1,0,0,0,0,0,0,0,1,0,0,0,3,0,0,0,0,1581,431,0,0,0
13089021805,0,13,0,1,36,0,0,4,0,0,3,0,0,0,0,0,0,0,8,0,0,0,13,4,0,0,0,2020,209,0,0,55
13089021806,0,51,0,0,54,0,0,21,1,3,6,0,0,0,0,0,3,0,205,0,0,0,12,76,0,0,0,1219,68,0,0,267
13089021808,0,0,0,0,2,0,0,0,0,0,0,0,0,0,0,0,0,0,0,0,0,0,4,0,0,0,0,1104,234,0,0,72
13089021809,0,106,0,0,68,0,0,6,3,2,2,0,0,0,0,0,1,0,19,0,0,0,2,0,0,0,0,2780,76,0,0,68
13089021810,0,70,0,1,21,0,5,10,1,7,3,1,0,0,0,0,2,0,25,0,0,0,3,0,0,0,0,1639,215,0,0,89
13089021812,0,17,0,0,8,0,0,5,0,1,1,0,0,0,0,0,0,0,5,0,0,0,1,0,0,0,0,612,77,0,0,190
13089021813,0,7,0,0,0,0,0,2,0,0,0,0,0,0,0,0,0,0,2,0,0,0,4,0,0,0,0,38,0,0,0,0
13089021814,0,8,0,0,5,0,0,1,0,0,1,0,0,0,0,0,0,0,0,0,0,0,10,0,0,0,0,407,353,0,0,393
13089021906,0,3,0,0,3,0,0,1,0,0,1,0,0,0,0,0,0,0,1,0,0,0,3,111,0,0,0,1552,150,0,0,16
13089021907,0,32,0,0,69,0,0,4,0,2,2,0,0,1,0,0,1,0,10,0,0,0,16,12,0,0,0,2973,81,1,0,162
13089021908,0,14,0,0,28,0,0,7,0,0,4,0,0,1,0,0,1,0,2,0,0,0,11,1,0,0,0,633,119,0,0,286
13089021909,0,13,0,0,19,0,0,6,1,0,4,0,0,0,0,0,0,0,4,0,0,0,17,6,0,0,0,967,239,0,0,111
13089021910,0,9,0,0,5,0,0,0,0,0,1,0,0,0,0,0,2,0,34,0,0,0,2,0,0,0,0,1066,447,0,0,232
13089021911,0,0,0,0,1,0,0,0,0,0,2,0,0,0,0,0,0,0,20,0,0,0,7,0,0,0,0,1,0,0,0,77
13089021912,0,3,0,0,3,0,0,0,0,0,2,0,0,0,0,0,0,0,0,0,0,0,3,0,0,0,0,1532,24,0,0,0
13089021913,0,6,0,0,3,0,0,0,0,0,1,0,0,0,0,0,3,0,33,0,0,0,22,0,0,0,0,236,36,0,0,47
13089022001,0,45,0,0,4,0,0,2,0,2,3,0,0,0,0,0,1,0,1,0,0,0,5,1,0,0,0,1613,10,0,0,57
13089022004,0,11,0,0,9,0,0,4,0,0,2,0,0,0,0,0,0,0,1,0,0,0,2,1,0,0,0,1338,377,0,0,68
13089022005,0,21,0,0,37,0,0,11,1,3,2,0,0,0,0,0,1,0,1,0,0,0,27,1,0,0,0,551,305,0,0,62
13089022007,0,8,0,0,20,0,0,0,0,0,2,0,0,0,0,0,1,0,0,0,0,0,24,8,0,0,0,221,129,0,0,36
13089022008,0,7,0,2,5,0,0,0,0,0,2,0,0,0,0,0,0,0,0,1,0,0,31,9,0,0,0,567,125,0,0,125
13089022009,0,17,0,0,16,0,0,3,1,0,6,0,0,0,0,0,1,0,4,0,0,0,8,1,0,0,0,82,135,0,0,148
13089022010,0,7,0,0,3,0,0,0,0,0,0,0,0,0,0,0,1,0,0,0,0,0,3,0,0,0,0,505,8,0,0,0
13089022100,0,13,0,1,17,0,0,1,1,0,1,0,0,0,0,0,1,0,35,0,0,0,11,22,0,0,0,1251,148,0,0,189
13089022203,0,41,0,0,36,0,0,4,0,0,2,0,0,0,0,0,2,0,60,0,0,0,8,5,0,0,0,314,132,0,0,31
13089022204,0,44,0,0,44,0,0,2,1,0,3,0,1,1,0,0,1,0,23,0,0,0,13,10,0,0,0,1220,272,0,0,152
13089022301,0,25,0,2,39,0,0,7,2,3,3,0,0,0,0,0,0,0,2,0,0,0,12,9,1,0,0,1692,713,0,0,94
13089022302,0,14,0,1,31,0,1,7,0,0,2,1,0,0,0,0,0,0,0,0,0,0,5,13,0,0,0,1260,119,0,0,0
13089022401,0,1,0,0,2,0,0,0,0,0,0,0,0,0,0,0,0,0,0,0,0,0,11,31,0,0,0,998,254,0,0,78
13089022402,0,19,0,0,7,0,0,1,0,0,0,0,2,0,0,0,4,0,0,0,0,0,7,0,0,0,0,173,0,0,0,6
13089022403,0,11,0,0,5,0,0,6,2,3,0,0,0,0,0,0,0,0,0,0,0,0,5,26,0,0,0,1482,81,0,0,3
13089022500,0,29,0,0,21,0,0,9,0,1,1,0,3,0,0,0,0,0,5,0,0,0,18,37,3,2,0,1369,466,0,0,123
13089022600,0,71,0,0,39,0,0,24,1,2,0,0,3,0,0,0,2,0,0,0,0,0,28,41,0,0,0,1390,812,0,0,317
13089022700,0,14,0,0,15,0,0,3,1,0,2,0,1,0,0,0,0,0,1,0,0,0,21,39,0,0,0,1466,32,0,0,59
13089022800,0,8,0,0,13,0,0,0,0,0,1,0,0,1,0,0,0,0,14,0,0,0,17,23,0,0,0,1048,91,0,0,35
13089022900,0,10,0,2,42,0,0,8,1,1,5,0,0,0,0,0,0,0,8,0,0,0,17,19,0,0,0,1595,152,0,0,140
13089023000,0,20,0,0,23,0,0,5,0,0,1,0,0,0,0,0,2,0,23,1,0,0,5,2,0,0,0,634,212,0,0,5
13089023101,0,27,0,1,43,0,0,3,0,0,5,0,0,0,0,0,0,0,2,0,0,0,46,21,0,0,0,1667,2,0,0,101
13089023102,0,6,0,0,7,0,0,2,0,0,4,0,1,0,0,0,0,0,2,0,0,0,227,1,0,0,0,822,4,0,0,72
13089023107,0,10,0,0,24,0,0,6,2,0,0,0,0,0,0,0,0,0,1,0,0,0,3,15,0,0,0,1845,73,0,0,0
13089023108,0,18,0,0,26,0,0,3,0,3,6,0,0,0,0,0,0,0,12,0,0,0,5,36,0,0,0,1265,51,0,0,93
13089023111,0,11,0,0,8,0,0,1,0,0,3,0,0,0,0,0,0,0,0,0,0,0,0,0,0,0,0,603,20,0,0,144
13089023112,0,9,0,0,11,0,0,3,0,0,3,0,0,0,0,0,0,0,1,0,0,0,11,17,0,0,0,299,49,0,0,56
13089023113,0,53,0,1,14,0,0,5,0,1,2,0,0,0,0,0,0,0,4,0,0,0,8,2,0,0,0,379,63,0,0,184
13089023114,0,5,0,0,21,0,0,5,0,1,0,0,0,0,0,0,0,0,1,0,0,0,0,0,0,0,0,969,6,0,0,0
13089023115,0,5,0,0,1,0,0,0,0,0,0,0,0,0,0,0,0,0,0,0,0,0,0,0,0,0,0,1,0,0,0,0
13089023204,0,6,0,0,18,0,0,1,0,0,2,0,0,0,0,0,0,0,0,1,0,0,1,2,0,0,0,2340,23,0,0,210
13089023206,0,18,0,1,18,0,0,7,0,0,0,0,0,0,0,0,0,0,1,0,0,0,9,1,0,0,0,2626,23,1,0,289
13089023208,0,3,0,0,2,0,0,3,1,0,1,0,0,0,0,0,0,0,1,0,0,0,2,0,0,0,0,1843,69,0,0,228
13089023209,0,0,0,1,0,0,0,0,0,0,0,0,0,0,0,0,0,0,0,0,0,0,1,1,0,0,0,1906,2,0,0,0
13089023210,0,2,0,0,6,0,0,2,0,0,0,0,0,0,0,0,0,0,2,0,0,0,5,1,0,0,0,1712,3,0,0,75
13089023211,0,1,0,0,3,0,0,0,0,0,1,0,0,0,0,0,0,0,0,0,0,0,2,0,0,0,0,944,5,0,0,0
13089023212,0,8,0,1,4,0,0,3,0,0,1,0,0,0,0,0,0,0,0,0,0,0,2,0,0,0,0,1159,56,0,0,0
13089023213,0,9,0,0,29,0,0,8,1,1,1,0,0,0,0,0,0,0,1,0,0,0,6,1,0,0,0,1502,5,0,0,80
13089023214,0,39,0,0,21,0,0,7,0,4,2,0,1,0,0,0,2,0,76,0,0,0,4,1,0,0,0,1202,214,0,0,243
13089023303,0,53,0,1,65,0,0,2,1,0,7,0,2,1,0,1,2,0,58,0,0,0,20,21,0,0,0,1936,175,0,0,230
13089023306,0,8,0,1,25,0,0,0,0,0,1,0,0,0,0,0,3,0,15,0,0,0,5,0,0,0,0,2469,16,0,0,122
13089023309,0,3,0,0,8,0,0,1,0,0,2,0,0,0,0,0,0,0,7,0,0,0,2,17,0,0,0,2744,4,0,0,934
13089023310,0,31,0,2,27,0,0,16,0,0,7,0,0,0,0,0,2,0,29,0,0,0,20,9,0,0,0,1277,158,0,0,410
13089023311,0,1,0,1,2,0,0,1,0,0,0,0,0,0,0,0,0,0,0,0,0,0,2,0,0,0,0,1504,10,0,0,25
13089023312,0,2,0,1,1,0,0,3,1,0,1,0,0,0,0,0,0,0,1,0,0,0,2,0,0,0,0,2987,38,0,0,459
13089023313,0,6,0,0,2,0,0,0,0,0,0,0,0,0,0,0,4,0,17,0,0,0,2,0,0,0,0,1738,23,0,0,360
13089023314,0,6,0,1,9,0,0,0,0,0,0,0,0,0,0,0,0,0,2,0,0,0,2,1,0,0,0,2042,53,0,0,283
13089023315,0,6,0,0,9,0,0,0,0,0,3,0,0,0,0,0,3,0,10,0,0,0,16,0,0,0,0,2436,46,1,0,0
13089023316,0,2,0,1,8,0,0,2,0,0,2,0,0,0,0,0,0,0,0,0,0,0,3,0,0,0,0,2691,6,1,0,87
13089023410,0,14,0,0,28,0,2,9,0,3,6,1,0,0,0,0,0,0,1,0,0,0,9,0,1,0,0,489,32,0,0,93
13089023411,0,0,0,0,1,0,0,0,0,0,1,0,0,0,0,0,0,0,0,0,0,0,2,0,0,0,0,1391,22,0,0,0
13089023412,0,10,0,5,13,0,0,5,1,2,3,0,0,0,0,0,0,0,2,0,0,0,5,2,0,0,0,2044,125,0,0,0
13089023413,0,1,0,0,3,0,0,1,0,0,1,0,0,0,0,0,0,0,0,0,0,0,4,0,0,0,0,1355,14,0,0,36
13089023414,0,15,0,0,13,0,0,4,1,1,4,0,0,0,0,0,0,0,3,0,0,0,5,0,0,0,0,2108,31,0,0,1
13089023416,0,6,0,1,10,0,0,4,0,0,3,0,0,0,0,0,1,0,14,0,0,0,7,0,0,0,0,2401,18,0,0,0
13089023418,0,18,0,0,34,0,5,21,1,6,3,1,0,0,0,0,0,0,1,0,0,0,51,0,0,0,0,5872,158,0,0,315
13089023419,0,2,0,0,0,0,0,0,0,0,1,0,0,0,0,0,1,0,1,0,0,0,11,11,0,0,0,3498,39,0,0,0
13089023421,0,7,0,0,18,0,0,2,0,0,8,0,0,0,0,0,2,0,14,0,0,0,7,0,0,0,0,1300,590,0,0,741
13089023422,0,1,0,0,1,0,0,0,0,0,2,0,0,0,0,0,1,0,1,0,0,0,4,5,0,0,0,1981,8,0,0,69
13089023423,0,32,0,0,44,0,0,9,2,3,13,0,1,0,0,0,9,0,43,0,0,0,10,0,0,0,0,2742,131,0,0,22
13089023424,0,0,0,0,2,0,0,0,0,0,1,0,0,0,0,0,0,0,0,0,0,0,6,0,0,0,0,1934,36,0,0,0
13089023425,0,6,0,0,12,0,0,4,0,1,2,0,0,0,0,0,0,0,0,0,0,0,3,1,0,0,0,1663,121,0,0,378
13089023426,0,0,0,0,1,0,0,0,0,0,0,0,0,0,0,0,0,0,0,0,0,0,2,0,0,0,0,1710,3,0,0,0
13089023427,0,0,0,0,0,0,0,0,0,0,0,0,0,0,0,0,0,0,0,0,0,0,0,0,0,0,0,1150,7,0,0,8
13089023428,0,4,0,0,9,0,0,5,0,1,3,0,0,0,0,0,0,0,0,0,0,0,18,0,0,0,0,1234,1115,0,0,757
13089023501,0,10,0,1,27,0,0,4,0,1,4,0,0,0,0,0,0,0,1,0,0,0,6,4,0,0,0,1143,4,0,0,0
13089023504,0,9,0,0,12,0,0,7,0,3,1,0,0,0,0,0,0,0,1,0,0,0,4,17,0,0,0,780,0,0,0,0
13089023505,0,3,0,0,3,0,0,0,0,0,2,0,0,0,0,0,0,0,0,0,0,0,0,4,0,0,0,1009,57,0,0,64
13089023506,0,6,0,0,28,0,0,3,0,1,3,0,0,0,0,0,0,0,1,0,0,0,4,0,0,0,0,1873,77,0,0,105
13089023507,0,13,0,0,17,0,0,10,1,1,2,0,0,0,0,0,0,0,0,0,0,0,1,1,0,0,0,1547,1,0,0,48
13089023601,0,10,0,0,16,0,0,6,0,0,0,0,0,0,0,0,0,0,2,0,0,0,1,23,0,0,0,1144,39,0,0,59
13089023602,0,1,0,0,4,0,0,0,0,0,2,0,0,0,0,0,0,0,0,0,0,0,3,11,0,0,0,990,13,0,0,0
13089023603,0,7,0,1,16,0,0,4,1,0,2,0,0,0,0,0,0,0,1,0,0,0,6,8,0,0,0,1122,23,0,0,0
13089023700,0,5,0,1,18,0,0,1,0,1,6,0,0,0,0,0,0,0,3,0,0,0,9,10,0,0,0,1566,9,0,0,243
13089023801,0,2,0,1,11,0,0,0,0,0,1,0,0,0,0,0,0,0,0,0,0,0,21,6,0,0,0,1809,181,0,0,284
13089023802,0,12,0,0,34,0,0,3,1,0,1,0,0,0,0,0,1,0,14,0,0,0,85,0,0,0,0,917,6,0,0,0
13089023803,0,6,0,0,22,0,0,2,0,0,4,0,0,0,0,0,0,0,4,0,0,0,1,0,0,0,0,2249,25,0,0,103
13089980000,0,0,0,0,0,0,0,0,0,0,0,0,0,0,0,0,0,0,0,0,0,0,0,0,0,0,0,1,0,0,0,0
13097080102,0,19,0,0,32,0,0,12,0,12,7,0,0,5,0,2,8,0,16,0,0,28,3,6,0,0,0,1495,0,237,0,0
13097080103,0,28,0,0,61,0,0,13,1,2,5,0,0,13,0,0,6,0,45,0,0,4,5,46,0,0,0,845,0,214,0,76
13097080201,0,10,0,0,22,0,0,1,0,0,3,0,1,3,0,1,6,0,5,0,0,1,0,5,0,0,0,1758,0,345,0,0
13097080202,0,12,0,0,26,0,0,4,0,1,8,0,0,8,0,0,2,0,5,0,0,0,3,10,0,0,0,2600,0,118,0,107
13097080301,1,14,0,0,28,0,0,0,0,0,4,0,0,1,0,0,17,0,33,0,0,1,11,74,0,0,0,3620,105,159,0,90
13097080303,0,57,0,0,46,0,0,8,0,8,3,0,0,5,0,0,2,0,6,1,0,0,1,59,0,0,0,1057,0,262,0,35
13097080304,0,163,0,1,87,0,0,14,1,5,4,0,0,3,0,2,8,0,26,0,0,1,5,67,0,0,0,884,0,0,0,298
13097080402,2,0,0,0,10,0,0,3,0,0,4,0,0,1,0,0,0,0,2,0,0,0,0,3,0,0,0,3231,8,56,0,0
13097080403,1,6,0,0,17,0,0,4,0,0,3,0,1,0,0,0,11,0,11,0,0,3,1,3,0,0,0,1608,0,30,0,0
13097080404,0,13,0,0,16,0,0,0,0,0,2,0,0,1,0,0,11,0,21,0,0,7,0,3,0,0,0,2455,0,422,0,0
13097080505,0,29,0,0,28,0,0,9,0,1,1,0,0,10,0,1,0,0,6,0,0,0,0,26,0,0,0,1365,0,2,0,1
13097080506,0,8,0,0,17,0,0,1,0,0,4,0,0,6,0,0,1,0,0,0,0,0,0,1,0,0,0,1905,0,281,0,0
13097080507,0,0,0,0,0,0,0,0,0,0,1,0,0,0,0,0,0,0,0,0,0,0,0,4,0,0,0,1242,0,44,0,0
13097080508,0,11,0,0,24,0,0,25,2,1,2,5,0,12,0,1,0,0,2,0,0,0,3,6,0,0,0,1408,0,1,0,101
13097080509,0,10,0,0,8,0,0,0,0,0,2,0,0,4,0,0,0,0,0,0,0,0,0,2,0,0,0,2206,0,5,0,2
13097080510,0,1,0,0,3,0,0,0,0,0,0,0,0,1,0,0,0,0,0,0,0,0,0,0,0,0,0,2554,0,83,0,0
13097080511,0,1,0,0,5,0,0,0,0,0,1,0,0,1,0,0,0,0,0,1,0,0,0,1,0,0,0,3176,0,7,0,0
13097080602,0,4,0,0,10,0,0,1,0,0,1,0,0,0,0,0,3,0,2,0,0,2,0,5,0,0,0,1997,12,37,0,26
13097080603,0,21,0,0,17,0,0,4,0,0,3,0,0,4,0,0,1,0,1,0,0,0,1,4,0,0,0,2506,64,12,0,6
13097080604,0,0,0,0,6,0,0,0,0,0,2,0,0,0,0,0,0,0,2,0,0,0,0,0,0,0,0,3133,0,13,0,0
13113140101,29,10,0,1,10,0,0,0,0,0,6,3,0,0,0,0,0,0,6,0,0,6,0,0,0,0,0,2706,0,0,0,0
13113140102,15,33,0,4,24,0,0,7,0,0,4,4,0,8,0,0,0,0,4,1,0,122,0,0,0,0,0,2134,0,0,0,0
13113140203,16,41,0,4,17,0,0,2,0,0,2,0,0,2,0,0,1,0,5,1,0,4,0,0,0,0,0,2097,0,0,0,0
13113140204,32,21,0,4,6,0,0,2,0,0,2,0,0,1,0,0,1,0,0,0,0,9,0,0,0,0,0,1484,0,0,0,0
13113140206,7,41,0,8,9,0,0,7,0,0,0,0,0,5,0,1,0,0,0,0,0,0,1,0,0,0,0,1418,0,0,0,0
13113140207,0,7,0,0,5,0,0,3,1,2,0,0,0,4,0,0,0,0,0,0,0,0,3,0,0,0,0,1881,0,0,0,0
13113140208,1,54,0,6,26,0,0,9,0,4,3,0,0,6,0,3,0,0,0,3,0,54,4,0,0,0,0,2470,0,0,0,0
13113140303,0,14,0,5,28,0,0,7,0,2,2,0,0,6,0,1,42,0,4,16,0,65,2,0,0,0,0,1726,0,0,0,0
13113140304,4,46,0,6,8,0,1,0,0,0,2,0,0,2,0,0,0,0,0,0,0,2,0,0,0,0,0,2167,0,0,0,0
13113140305,19,8,0,0,1,0,0,0,0,0,1,0,0,1,0,0,0,0,0,0,0,0,0,0,0,0,0,1556,0,0,0,0
13113140306,0,5,0,0,8,0,0,5,0,0,2,0,1,1,0,3,1,0,4,6,0,18,2,0,0,1,0,2314,0,0,0,0
13113140307,2,2,0,0,1,0,0,0,0,0,0,0,0,0,0,0,0,0,0,0,0,0,0,0,0,0,0,1656,0,0,0,0
13113140403,3,27,0,2,16,0,0,12,0,0,3,1,0,6,0,0,0,0,2,0,0,0,0,1,0,0,0,2162,0,0,0,0
13113140404,3,172,0,20,42,0,0,7,2,1,2,7,1,3,0,2,0,0,1,0,0,5,2,0,0,0,0,2002,0,0,0,0
13113140405,14,7,0,1,11,0,0,5,0,0,2,0,0,1,0,0,0,0,1,0,0,6,0,0,0,0,0,1475,0,0,0,0
13113140406,7,32,0,45,32,0,0,14,0,1,4,1,0,7,0,2,0,0,6,0,0,26,1,0,0,0,0,1422,0,0,0,0
13113140407,14,8,0,21,17,0,0,1,1,0,2,1,1,0,0,0,0,0,28,0,0,14,11,0,0,0,0,2669,0,0,0,0
13113140408,12,4,0,0,0,0,0,0,0,0,0,0,0,0,0,0,0,0,0,0,0,0,0,0,0,0,0,1165,0,0,0,0
13113140501,51,1,0,1,5,0,0,0,0,0,4,0,0,0,0,0,0,0,0,0,0,0,0,0,0,0,0,2377,0,0,0,0
13113140502,98,1,0,3,8,0,0,0,0,0,0,0,0,0,0,0,0,0,2,0,0,1,0,0,0,0,0,1386,0,0,0,0
13117130101,45,0,0,0,11,0,0,0,0,0,0,0,0,0,0,0,5,0,0,0,0,0,0,0,0,0,0,1367,0,103,0,0
13117130102,26,0,0,0,12,0,0,0,0,0,0,0,0,0,0,0,22,0,0,0,0,0,0,0,0,0,0,871,0,53,0,0
13117130103,50,0,0,0,14,0,0,0,0,0,0,0,0,0,0,0,0,0,0,0,0,0,0,0,0,0,0,1520,0,207,0,0
13117130104,47,0,0,0,11,0,0,0,0,0,0,0,0,0,0,0,0,0,0,0,0,0,0,0,0,0,0,1799,0,48,0,0
13117130105,11,0,0,0,23,0,0,0,0,0,0,0,0,0,0,0,25,0,0,0,0,0,0,0,0,0,0,742,0,209,0,0
13117130201,41,0,0,0,5,0,0,0,0,0,0,0,0,0,0,0,1,0,0,0,0,0,0,0,0,0,0,1363,0,67,0,0
13117130202,28,0,0,0,11,0,0,0,0,0,0,0,0,0,0,0,2,0,0,0,0,0,0,0,0,0,0,1466,0,37,0,0
13117130203,76,0,0,0,31,0,0,0,0,0,0,0,0,0,0,0,4,0,0,0,0,0,0,0,0,0,0,1593,0,132,0,0
13117130204,35,0,0,0,30,0,0,0,0,0,0,0,0,0,0,0,1,0,0,0,0,0,0,0,0,0,0,1854,0,50,0,0
13117130205,28,0,0,0,83,0,0,0,0,0,0,0,0,0,0,0,21,0,0,0,0,0,0,0,0,0,0,1660,0,84,0,1
13117130301,35,0,0,0,19,0,0,0,0,0,0,0,0,0,0,0,22,0,0,0,0,0,0,0,0,0,0,1629,0,126,0,0
13117130302,6,0,0,0,28,0,0,0,0,0,0,0,0,0,0,0,0,0,0,0,0,0,0,0,0,0,0,2636,0,21,0,0
13117130303,49,0,0,0,34,0,0,0,0,0,0,0,0,0,0,0,1,0,0,0,0,0,0,0,0,0,0,1200,0,109,0,0
13117130304,9,0,0,0,41,0,0,0,0,0,0,0,0,0,0,0,0,0,0,0,0,0,0,0,0,0,0,1818,0,26,0,0
13117130305,17,0,0,0,23,0,0,0,0,0,0,0,0,0,0,0,7,0,0,0,0,0,0,0,0,0,0,2048,0,24,0,0
13117130306,4,0,0,0,116,0,0,0,0,0,0,0,0,0,0,0,65,0,0,0,0,0,0,0,0,0,0,1647,0,19,0,156
13117130307,25,0,0,0,29,0,0,0,0,0,0,0,0,0,0,0,0,0,0,0,0,0,0,0,0,0,0,1736,0,47,0,0
13117130403,45,0,0,0,41,0,0,0,0,0,0,0,0,0,0,0,6,0,0,0,0,0,0,0,0,0,0,1940,0,162,0,0
13117130404,6,0,0,0,3,0,0,0,0,0,0,0,0,0,0,0,1,0,0,0,0,0,0,0,0,0,0,1353,0,9,0,0
13117130405,4,0,0,0,23,0,0,0,0,0,0,0,0,0,0,0,1,0,0,0,0,0,0,0,0,0,0,1481,0,66,0,0
13117130406,3,0,0,0,67,0,0,0,0,0,0,0,0,0,0,0,33,0,0,0,0,0,0,0,0,0,0,2188,0,170,0,1
13117130408,2,0,0,0,132,0,0,0,0,0,0,0,0,0,0,0,8,0,0,0,0,0,0,0,0,0,0,1128,0,7,0,0
13117130409,8,0,0,0,222,0,0,0,0,0,0,0,0,0,0,0,14,0,0,0,0,0,0,0,0,0,0,1165,0,24,0,1
13117130410,4,0,0,0,237,0,0,0,0,0,0,0,0,0,0,0,81,0,0,0,0,0,0,0,0,0,0,1273,0,5,0,93
13117130503,5,0,0,0,18,0,0,0,0,0,0,0,0,0,0,0,1,0,0,0,0,0,0,0,0,0,0,1197,17,26,0,0
13117130504,2,0,0,0,6,0,0,0,0,0,0,0,0,0,0,0,0,0,0,0,0,0,0,0,0,0,0,1687,0,14,0,0
13117130505,9,0,0,0,12,0,0,0,0,0,0,0,0,0,0,0,1,0,0,0,0,0,0,0,0,0,0,1221,0,24,0,0
13117130506,6,0,0,0,43,0,0,0,0,0,0,0,0,0,0,0,0,0,0,0,0,0,0,0,0,0,0,1040,2,25,0,0
13117130507,1,0,0,0,9,0,0,0,0,0,0,0,0,0,0,0,0,0,0,0,0,0,0,0,0,0,0,1371,0,20,0,1
13117130508,6,0,0,0,17,0,0,0,0,0,0,0,0,0,0,0,0,0,0,0,0,0,0,0,0,0,0,1801,8,30,0,0
13117130509,3,0,0,0,76,0,0,0,0,0,0,0,0,0,0,0,0,0,0,0,0,0,0,0,0,0,0,1361,85,28,0,0
13117130510,9,0,0,0,103,0,0,0,0,0,0,0,0,0,0,0,97,0,0,0,0,0,0,0,0,0,0,2080,0,90,0,0
13117130601,23,0,0,0,109,0,0,0,0,0,0,0,0,0,0,0,203,0,0,0,0,0,0,0,0,0,0,1753,0,116,0,277
13117130602,2,0,0,0,18,0,0,0,0,0,0,0,0,0,0,0,104,0,0,0,0,0,0,0,0,0,0,1600,0,204,0,1
13117130603,2,0,0,0,66,0,0,0,0,0,0,0,0,0,0,0,263,0,0,0,0,0,0,0,0,0,0,2023,0,9,0,1
13117130604,0,0,0,0,55,0,0,0,0,0,0,0,0,0,0,0,16,0,0,0,0,0,0,0,0,0,0,1606,0,6,0,1
13117130605,9,0,0,0,56,0,0,0,0,0,0,0,0,0,0,0,1,0,0,0,0,0,0,0,0,0,0,1593,0,9,0,0
13117130606,0,0,0,0,37,0,0,0,0,0,0,0,0,0,0,0,16,0,0,0,0,0,0,0,0,0,0,1471,0,1,0,0
13117130607,1,0,0,0,48,0,0,0,0,0,0,0,0,0,0,0,0,0,0,0,0,0,0,0,0,0,0,2737,1,15,0,1
13117130608,4,0,0,0,121,0,0,0,0,0,0,0,0,0,0,0,32,0,0,0,0,0,0,0,0,0,0,1921,0,5,0,33
13117130609,5,0,0,0,3,0,0,0,0,0,0,0,0,0,0,0,0,0,0,0,0,0,0,0,0,0,0,1779,0,15,0,0
13117130610,3,0,0,0,2,0,0,0,0,0,0,0,0,0,0,0,0,0,0,0,0,0,0,0,0,0,0,1786,0,23,0,0
13117130611,2,0,0,0,4,0,0,0,0,0,0,0,0,0,0,0,0,0,0,0,0,0,0,0,0,0,0,1343,0,17,0,0
13117130612,2,0,0,0,52,0,0,0,0,0,0,0,0,0,0,0,0,0,0,0,0,0,0,0,0,0,0,2127,0,20,0,0
13117130613,4,0,0,0,46,0,0,0,0,0,0,0,0,0,0,0,4,0,0,0,0,0,0,0,0,0,0,1711,1,3,0,0
13121000100,0,2,0,0,13,0,0,4,0,1,1,0,5,2,0,0,1,0,0,0,0,0,5,128,0,0,0,1566,139,0,0,0
13121000200,1,8,0,7,22,6,0,7,0,0,2,0,3,4,0,1,1,0,10,0,0,0,10,192,0,0,0,1598,429,0,0,60
13121000400,0,41,14,0,1,0,0,0,0,2,0,0,3,0,0,0,0,0,0,1,0,0,5,27,0,0,0,182,621,0,0,36
13121000500,1,20,17,8,48,3,1,2,2,4,1,0,15,2,0,0,5,0,0,1,0,0,6,47,0,1,0,780,1244,0,0,164
13121000600,0,11,0,1,55,3,0,8,0,0,3,0,12,1,0,0,7,0,21,1,0,0,5,86,0,0,0,309,798,0,0,37
13121000700,0,21,0,2,33,0,0,0,0,0,1,0,3,0,0,0,7,0,12,19,0,0,0,21,0,0,0,341,0,0,0,27
13121001001,0,21,5,0,19,1,0,7,0,4,1,0,26,0,0,0,0,0,0,0,0,0,8,22,0,2,0,83,688,0,0,41
13121001002,0,71,0,2,34,0,0,3,1,0,0,0,15,0,0,0,3,0,2,0,0,0,20,9,0,0,0,45,127,0,0,0
13121001100,0,12,9,3,15,4,0,16,0,4,0,0,14,1,0,0,0,0,0,0,0,0,18,7,0,0,0,10,2722,0,0,9
13121001201,0,9,0,18,13,0,0,5,0,0,2,0,4,0,0,0,1,0,0,0,0,0,56,55,0,0,0,152,838,0,0,88
13121001202,0,14,10,1,19,18,0,11,0,4,0,0,17,0,0,0,2,0,0,0,0,0,2,0,0,1,0,2,2433,0,0,0
13121001300,0,8,0,46,24,1,0,15,0,1,2,0,9,4,0,1,0,0,0,0,0,0,47,163,0,0,0,425,768,0,0,24
13121001400,1,3,0,10,14,0,0,7,0,1,0,0,2,0,0,0,3,0,0,1,0,0,23,44,0,0,0,333,323,0,0,35
13121001500,2,43,0,25,25,0,0,13,2,1,0,0,7,4,0,0,0,0,0,0,0,0,73,150,0,0,0,577,503,0,0,22
13121001600,1,0,0,9,22,0,0,7,0,0,2,0,6,0,0,0,1,0,1,0,0,2,18,51,0,0,0,197,338,0,0,40
13121001700,0,18,0,3,13,0,0,2,0,0,2,0,14,1,0,0,9,0,3,0,0,0,57,84,0,0,0,339,154,0,0,68
13121001800,0,7,2,1,7,0,0,0,0,1,0,0,4,1,0,0,0,0,0,0,0,0,21,13,0,0,0,86,1280,0,0,19
13121001900,0,9,12,0,33,6,0,12,0,10,1,5,38,1,0,0,0,0,1,0,0,0,1,0,0,0,0,13,918,0,0,129
13121002100,0,9,4,0,22,5,0,3,0,6,1,0,9,0,0,0,4,0,4,0,0,0,1,0,0,0,0,3,474,0,0,47
13121002300,0,1,0,2,15,0,0,0,1,0,1,0,0,2,0,0,1,0,1,0,0,0,44,74,0,0,0,559,0,0,0,0
13121002400,0,6,0,0,15,0,0,0,0,0,0,0,5,0,0,0,0,0,0,0,0,0,25,84,0,0,0,880,0,0,0,0
13121002500,1,2,0,2,20,0,0,2,0,0,1,0,4,1,0,0,0,0,0,0,0,0,24,38,0,0,0,324,167,0,0,32
13121002600,0,0,1,0,4,0,0,1,0,0,0,0,3,0,0,0,0,0,0,0,0,0,10,8,0,0,0,147,0,0,0,2
13121002800,0,14,3,2,40,2,0,2,0,2,2,0,12,1,0,0,0,0,0,0,0,0,3,4,0,0,0,13,379,0,0,84
13121002900,1,9,1,2,22,6,0,0,1,0,0,0,6,0,0,1,5,0,1,2,0,0,24,44,0,0,0,321,400,0,0,55
13121003000,3,24,2,9,25,8,0,5,0,0,1,0,5,1,0,1,3,0,3,1,0,0,19,70,0,0,0,481,428,0,0,195
13121003100,0,2,1,2,23,1,0,3,0,0,2,0,1,0,0,0,4,0,0,1,0,0,6,39,0,0,0,531,1,0,0,76
13121003200,0,1,1,15,13,0,0,5,0,0,0,0,2,0,0,0,1,0,1,4,0,0,10,68,0,0,0,522,506,0,0,62
13121003500,0,9,8,1,87,1,0,4,0,2,0,0,63,0,0,0,1,0,8,5,0,1,14,0,0,0,0,2,304,0,0,0
13121003600,0,1,1,2,11,13,0,2,0,1,0,0,6,0,0,0,0,0,1,0,0,0,4,0,0,1,0,7,263,0,0,3
13121003700,0,0,0,0,2,0,0,0,0,0,0,0,0,0,0,0,0,0,0,0,0,0,0,0,0,0,0,0,0,0,0,0
13121003800,0,1,0,1,7,0,0,1,0,0,0,0,1,0,0,0,0,0,0,0,0,0,2,19,0,0,0,109,0,0,0,0
13121003900,0,3,0,0,6,0,0,1,0,0,2,0,1,0,0,0,0,0,0,0,0,0,2,72,0,0,0,502,0,0,0,0
13121004000,0,0,1,3,11,0,0,1,0,0,3,0,0,0,0,0,1,0,0,1,0,0,3,47,0,0,0,1002,0,0,0,14
13121004100,0,9,1,6,11,0,0,5,0,0,1,0,2,2,0,0,1,0,2,0,0,1,31,108,0,0,0,538,20,0,0,0
13121004200,0,14,0,2,57,6,1,6,0,0,2,0,12,2,0,0,2,0,4,0,0,1,7,37,0,0,0,218,197,0,0,69
13121004300,0,3,0,2,38,0,0,1,0,0,1,0,3,0,0,0,1,0,2,0,0,0,5,1,0,0,0,2,132,0,0,18
13121004400,0,2,1,0,21,0,0,0,0,0,1,0,6,0,0,0,4,0,7,1,0,0,11,9,0,0,0,161,34,0,0,11
13121004800,1,1,0,0,4,0,0,0,0,1,0,0,0,0,0,0,0,0,0,0,0,0,1,1,0,0,0,9,0,0,0,9
13121004900,0,3,0,0,9,0,0,7,0,0,3,0,8,0,0,0,2,0,1,0,0,0,5,45,0,0,0,774,38,0,0,125
13121005000,0,1,0,4,28,4,0,7,0,0,2,0,0,0,0,1,0,0,2,1,0,0,8,93,0,0,0,492,151,0,0,0
13121005200,22,11,0,5,20,6,0,6,0,1,2,0,2,1,0,0,1,0,0,0,0,1,5,57,0,0,0,1372,251,0,0,156
13121005300,4,5,0,3,5,0,0,0,0,0,0,0,0,0,0,0,5,0,3,2,0,0,5,96,0,0,0,1134,36,0,0,264
13121005501,0,1,0,1,18,0,0,1,0,0,0,0,47,0,0,0,0,0,1,0,0,0,13,60,0,0,0,697,3,0,0,5
13121005502,0,0,0,1,20,0,0,2,2,0,0,0,3,0,0,0,3,0,7,1,0,0,1,15,0,0,0,334,146,0,0,0
13121005700,0,2,0,1,16,0,0,1,0,0,0,0,3,0,0,0,6,0,7,1,0,0,4,34,0,0,0,402,0,0,0,0
13121005800,0,1,1,4,14,0,0,1,1,0,4,0,6,0,0,0,9,0,12,2,0,0,36,74,0,0,0,414,18,0,0,0
13121006000,0,0,0,4,29,0,0,4,0,0,1,0,1,2,0,0,0,0,0,0,0,0,10,94,0,0,0,1093,0,0,0,0
13121006100,0,0,0,5,7,0,0,2,0,0,1,0,0,0,0,0,0,0,0,0,0,0,1,50,0,0,0,1440,103,0,0,0
13121006200,0,3,0,2,25,0,0,1,0,0,3,0,1,0,0,0,3,0,2,3,0,2,0,89,0,0,0,465,0,0,0,0
13121006300,0,1,0,3,29,0,0,2,0,0,2,0,2,0,0,0,3,0,3,1,0,0,5,94,0,0,0,721,2,0,0,0
13121006400,0,2,0,0,9,0,0,0,0,0,1,0,0,0,0,0,1,0,3,0,0,0,0,15,0,0,0,247,0,0,0,0
13121006500,0,0,1,1,30,0,0,1,0,0,2,0,9,0,0,0,7,0,8,2,0,0,1,78,0,0,0,1577,14,0,0,0
13121006601,0,1,1,1,27,0,0,0,0,0,0,0,2,0,0,0,10,0,11,2,0,1,2,64,0,0,0,765,0,0,0,0
13121006602,0,0,0,1,2,0,0,0,0,1,0,0,0,0,0,0,0,0,0,0,0,0,3,72,0,0,0,249,0,0,0,0
13121006700,1,1,1,1,47,0,0,3,1,0,3,0,5,0,0,0,3,0,1,1,0,0,5,28,0,0,0,1057,103,0,0,127
13121006802,0,0,0,0,0,0,0,0,0,0,0,0,0,0,0,0,0,0,0,0,0,0,2,1,0,0,0,127,0,0,0,0
13121006900,1,2,2,2,25,0,0,8,0,0,4,0,0,1,0,0,0,0,2,0,0,0,3,34,0,0,0,1044,0,0,0,75
13121007001,0,1,0,2,14,0,0,1,0,1,2,0,1,0,0,0,0,0,0,0,0,0,10,5,0,0,0,1429,0,0,0,0
13121007002,0,0,0,0,25,0,0,0,1,0,1,0,1,0,0,0,2,0,0,1,0,0,1,17,0,0,1,857,3,91,0,125
13121007100,0,0,0,0,14,0,0,1,0,0,0,0,0,0,0,0,0,0,3,0,0,1,2,10,0,0,0,758,0,0,0,12
13121007200,0,2,0,0,25,0,0,1,0,1,2,0,5,0,0,0,8,0,31,1,0,4,2,0,0,0,0,624,0,0,0,0
13121007300,0,0,0,1,28,0,0,3,0,0,5,0,2,0,0,0,5,0,19,3,1,1,10,3,0,0,0,1733,55,1,0,102
13121007400,0,2,2,1,40,0,0,7,0,2,2,0,5,2,0,0,1,0,1,0,0,0,6,3,0,0,2,442,0,75,0,0
13121007500,1,4,2,3,50,0,0,11,1,1,5,0,3,1,0,0,1,0,3,0,0,0,3,15,0,0,0,764,73,0,0,10
13121007602,0,0,0,0,21,0,0,8,0,0,3,0,0,2,0,1,0,0,1,0,0,0,3,1,0,0,0,716,0,0,0,0
13121007603,1,2,0,0,12,0,0,0,0,0,3,0,0,1,0,0,0,0,0,0,0,0,20,2,0,0,0,231,68,0,0,45
13121007604,1,1,1,0,13,0,0,0,0,0,1,0,0,0,0,0,0,0,1,0,0,0,8,2,0,0,0,178,37,0,0,94
13121007703,1,2,1,0,21,24,0,4,0,0,3,0,1,0,0,0,0,0,0,0,0,0,2,1,0,0,0,1206,46,0,0,72
13121007704,4,6,1,0,29,0,0,4,0,0,7,0,1,3,0,0,0,0,1,0,0,0,5,5,0,0,0,1020,70,0,0,147
13121007705,19,11,0,1,20,0,0,7,0,0,2,1,0,2,0,0,0,0,0,0,0,0,9,2,0,0,0,472,18,0,0,97
13121007706,22,10,0,0,26,0,0,7,1,2,6,0,0,4,0,1,2,0,3,2,0,0,7,8,0,0,0,1776,0,0,0,243
13121007802,6,1,0,2,14,0,0,0,0,0,1,0,0,2,0,0,0,0,1,0,0,0,3,2,0,0,0,2408,55,0,0,4
13121007805,0,9,0,7,42,0,0,6,1,11,7,0,2,0,0,0,45,0,83,7,0,73,4,0,0,0,0,657,0,0,0,0
13121007806,0,13,0,1,9,0,0,1,0,0,0,0,0,0,0,0,1,0,1,0,0,0,1,13,0,0,0,1649,102,0,0,0
13121007807,0,0,0,2,9,0,0,4,0,0,2,0,1,1,0,0,0,0,0,0,0,0,6,4,0,0,0,805,0,0,0,0
13121007808,0,1,0,4,12,0,0,3,0,0,5,0,1,0,0,0,0,0,0,4,0,0,10,5,0,0,0,478,0,0,0,22
13121007900,1,6,0,0,6,0,0,1,0,0,1,0,0,4,0,0,0,0,0,0,0,3,1,4,0,0,0,1642,0,0,0,523
13121008000,0,2,1,3,17,0,0,4,1,0,1,0,1,1,0,0,0,0,0,0,0,0,2,22,0,0,0,2060,0,0,0,40
13121008101,0,0,0,0,0,0,0,0,0,0,0,0,0,0,0,0,0,0,0,0,0,0,0,1,0,0,0,438,0,0,0,0
13121008102,2,4,0,2,36,0,0,3,0,1,4,0,1,5,0,0,0,0,0,0,0,0,16,16,0,0,0,1240,149,0,0,6
13121008201,1,0,0,1,14,0,0,3,0,0,3,0,1,0,0,0,0,0,3,1,0,0,2,3,0,0,0,1941,0,0,0,137
13121008202,0,1,0,0,30,0,0,0,0,1,1,0,0,0,0,0,1,0,2,0,0,0,52,2,0,0,0,762,0,0,0,12
13121008301,0,0,0,0,8,0,0,0,0,0,3,0,0,1,0,0,0,0,0,0,0,0,18,56,0,0,0,878,49,0,0,0
13121008302,0,0,0,0,9,0,0,0,0,0,0,0,0,1,0,0,0,0,0,4,0,0,10,14,0,0,0,765,0,0,0,3
13121008400,0,1,0,0,81,0,0,0,1,0,1,0,1,2,0,0,0,0,1,2,0,0,18,47,0,0,0,786,28,0,0,23
13121008500,0,2,2,5,34,0,0,10,0,0,5,0,3,0,0,0,2,0,7,2,0,0,4,116,0,0,0,1393,22,1,0,0
13121008601,0,2,0,3,34,0,0,5,0,0,1,0,1,0,0,0,0,0,4,0,0,0,10,67,0,0,0,1360,40,0,0,21
13121008602,0,2,0,8,24,0,0,2,1,0,2,0,0,0,1,0,4,0,18,3,0,0,1,4,0,0,0,266,0,0,0,3
13121008700,0,0,0,1,19,0,0,1,0,0,0,0,0,0,0,0,3,0,8,2,0,0,7,7,0,0,0,1095,6,0,0,96
13121008800,13,4,1,6,28,0,0,4,1,0,3,0,3,0,0,0,11,0,70,14,0,0,22,32,0,0,0,1893,42,126,0,207
13121008902,1,86,1,19,85,0,0,14,2,1,4,0,4,2,0,2,65,0,146,17,1,3,16,45,0,0,0,1010,444,0,0,322
13121008903,0,1,0,3,11,0,0,3,0,0,3,0,0,0,0,1,2,0,10,0,0,0,3,0,0,0,1,12,79,0,0,331
13121008904,2,2,2,2,4,0,0,2,0,0,2,0,0,1,0,0,2,0,26,0,0,0,6,1,0,0,0,546,1400,0,0,108
13121009000,0,3,0,0,13,0,0,6,0,0,1,0,2,2,0,0,0,0,1,0,0,0,2,21,0,0,0,1234,42,0,0,0
13121009101,1,7,4,3,23,3,0,11,0,0,2,0,10,2,0,0,0,0,0,0,0,0,8,16,0,0,0,234,1145,0,0,208
13121009102,0,31,1,0,20,3,0,3,0,0,2,0,2,2,0,0,3,0,19,1,0,1,1,10,0,1,0,329,524,0,0,31
13121009200,1,35,1,9,73,0,0,22,1,2,7,0,6,3,0,1,5,0,51,2,0,0,26,79,0,0,0,751,226,0,0,112
13121009300,0,11,0,1,6,39,1,3,0,0,1,0,1,2,0,0,1,0,1,0,0,0,10,96,0,0,0,1183,781,0,0,25
13121009402,0,2,1,0,22,0,0,8,1,0,2,0,1,2,0,0,0,0,0,1,0,0,5,0,0,0,0,7,242,0,0,68
13121009403,2,53,0,0,19,0,0,0,0,1,0,0,0,1,0,0,0,0,2,0,0,0,3,0,0,0,0,80,847,0,0,126
13121009404,5,1,0,1,4,0,0,0,0,0,0,0,0,0,0,0,0,0,0,0,0,0,0,1,0,0,0,535,1159,0,0,132
13121009501,0,0,0,0,3,0,0,0,0,0,0,0,0,0,0,0,0,0,0,0,0,0,1,3,0,0,0,1064,616,0,0,37
13121009502,4,18,5,12,49,0,0,11,0,1,0,0,7,5,0,0,0,0,0,0,0,0,1,0,0,0,0,282,1402,0,0,114
13121009601,0,23,3,0,24,0,0,6,0,4,1,0,2,4,0,0,0,0,0,0,0,0,3,6,0,0,0,119,570,0,0,56
13121009602,4,42,11,4,25,0,4,6,1,6,0,1,7,3,0,0,0,0,1,0,0,0,4,28,0,0,0,630,794,0,0,167
13121009603,2,42,4,38,47,9,0,18,0,5,2,0,11,5,0,0,0,0,0,0,0,0,22,30,0,0,0,528,1284,2,0,95
13121009700,1,28,0,0,1,0,0,0,1,0,0,0,1,0,0,0,0,0,0,0,0,0,1,1,0,0,0,1182,248,0,0,118
13121009801,0,85,3,0,7,1,0,3,0,0,0,0,2,2,0,0,0,0,0,0,0,0,0,1,0,0,0,1295,241,0,0,0
13121009802,5,0,2,0,3,0,0,2,1,0,2,0,1,1,0,0,0,0,0,0,0,0,0,2,0,0,0,1157,0,0,0,87
13121009900,0,16,0,1,16,0,0,3,0,0,0,0,1,3,0,0,0,0,0,0,0,0,0,1,0,0,0,1327,579,0,0,18
13121010001,5,36,16,17,15,1,0,9,0,4,1,0,4,7,0,1,0,0,0,0,0,0,0,1,0,0,0,854,1729,0,0,180
13121010002,1,2,9,3,8,0,3,2,0,4,0,1,4,0,0,0,0,0,0,0,0,0,1,1,0,0,0,1765,918,1,0,63
13121010106,2,0,0,0,0,0,0,0,0,0,0,0,0,0,0,0,0,0,0,0,0,0,3,1,0,0,0,760,314,0,0,139
13121010107,2,0,0,0,0,0,0,0,0,0,0,0,0,0,0,0,0,0,0,0,0,0,0,1,0,0,0,709,0,0,0,0
13121010108,5,1,1,0,3,0,0,0,0,0,1,0,0,2,0,0,0,0,0,0,0,0,1,0,0,0,0,1246,0,0,0,0
13121010110,11,97,24,1,36,0,0,10,0,18,2,0,10,4,0,0,0,0,1,0,0,0,4,2,0,0,0,790,1022,0,0,116
13121010113,0,11,8,5,7,0,0,0,1,0,1,0,2,0,0,0,0,0,0,0,0,0,7,0,0,0,0,327,156,0,0,169
13121010114,7,59,0,1,16,0,0,3,1,0,1,0,1,1,0,2,0,0,0,0,0,0,7,3,0,0,0,1136,383,0,0,45
13121010115,1,70,4,0,4,0,0,0,0,0,0,0,5,0,0,0,0,0,0,0,0,0,0,0,0,0,0,585,46,0,0,129
13121010117,0,1,0,0,9,0,0,0,0,0,0,0,0,1,0,0,0,0,0,0,0,0,5,0,0,0,0,33,322,0,0,91
13121010118,0,19,3,1,6,0,0,0,0,0,1,0,0,2,0,0,0,0,0,0,0,0,6,3,0,0,0,298,252,0,0,158
13121010119,2,44,2,7,13,0,0,9,1,0,3,0,1,5,0,0,1,0,1,0,0,1,6,2,0,0,0,34,330,0,0,257
13121010120,4,2,0,0,1,0,0,0,0,0,0,0,0,0,0,0,0,0,0,0,0,0,4,22,0,0,0,160,344,0,0,129
13121010121,1,2,1,3,13,5,0,5,0,1,0,0,1,3,0,2,1,0,0,0,0,0,0,1,0,0,0,379,765,0,0,5
13121010122,4,30,8,0,5,0,0,0,0,0,0,0,0,0,0,0,0,0,0,0,0,0,7,0,0,0,0,578,303,0,0,169
13121010123,1,1,7,0,1,0,0,0,1,0,1,0,0,0,0,0,0,0,0,0,0,0,5,1,0,0,0,367,732,0,0,291
13121010204,1,3,7,0,2,0,0,0,0,0,1,0,0,0,0,0,1,0,0,0,0,0,0,3,0,0,0,1868,0,0,0,0
13121010205,0,57,2,1,37,6,0,15,1,0,1,0,4,14,0,1,1,0,0,0,0,0,1,1,0,0,0,1536,403,0,0,260
13121010206,2,6,4,0,3,0,0,6,2,1,0,0,1,1,0,1,0,0,0,0,0,0,0,1,0,0,0,1762,524,0,0,158
13121010208,2,8,1,2,4,0,0,1,0,0,1,0,0,5,0,0,0,0,0,0,0,0,3,4,0,0,0,494,347,0,0,0
13121010209,0,22,1,2,4,0,0,0,0,0,1,0,1,1,0,0,0,0,1,0,0,0,7,0,0,0,0,228,575,0,0,50
13121010210,2,1,0,4,8,0,0,0,1,0,1,0,1,1,0,0,0,0,0,0,0,0,2,0,0,0,0,1010,692,0,0,126
13121010211,0,12,0,1,6,0,0,2,0,0,0,0,1,2,0,0,0,0,0,0,0,0,0,0,0,0,0,885,1,0,0,33
13121010212,2,17,0,0,7,0,0,2,1,0,3,0,2,5,0,0,0,0,0,1,0,0,10,1,0,0,0,595,530,0,0,72
13121010301,161,1,1,0,8,0,0,3,0,0,3,0,0,2,0,0,0,0,1,0,0,0,2,0,0,0,0,6101,0,2,0,75
13121010303,30,13,0,1,27,0,0,5,1,0,3,0,4,0,0,0,25,0,128,8,0,55,5,0,0,0,0,2945,54,0,0,228
13121010304,138,0,0,0,6,0,0,0,0,0,1,0,1,0,0,0,0,0,8,0,0,0,0,2,0,0,0,5619,0,1,0,23
13121010400,11,10,0,6,57,0,0,6,2,0,3,0,1,1,0,0,1,0,9,2,0,0,18,52,0,0,0,2771,177,1,0,53
13121010507,5,22,3,3,55,0,0,18,1,2,5,0,0,7,0,1,3,0,6,1,0,0,7,2,0,0,0,1765,315,0,0,124
13121010508,6,1,0,0,11,0,0,1,0,0,2,0,0,1,0,0,0,0,0,0,0,0,0,1,0,0,0,1259,0,0,0,213
13121010510,77,2,0,1,47,0,0,11,0,7,8,0,5,0,0,1,10,0,37,1,0,3,6,33,0,0,0,4882,0,0,0,478
13121010511,53,2,3,3,19,0,0,0,0,0,3,0,8,0,0,0,5,0,25,0,0,0,1,3,0,0,0,2605,0,0,0,171
13121010512,24,46,2,0,29,0,0,12,0,7,7,0,4,4,0,2,7,0,2,2,0,3,11,3,0,0,0,692,684,0,0,334
13121010513,17,13,1,6,73,0,0,11,0,1,8,0,1,3,0,0,15,0,24,4,0,2,25,85,0,0,1,3898,97,1,0,545
13121010514,39,9,3,1,60,0,0,0,1,1,5,0,1,0,0,0,15,0,34,7,0,2,7,25,0,0,0,4890,0,0,0,114
13121010515,9,2,0,1,6,0,0,1,0,0,2,0,0,2,0,0,0,0,0,0,0,0,0,2,0,0,0,1797,0,0,0,81
13121010516,32,3,0,1,8,0,1,3,0,0,2,0,1,3,0,0,0,0,0,0,0,0,0,32,0,0,0,2427,1,1,0,711
13121010601,0,3,1,5,29,0,0,7,0,0,3,0,2,0,0,0,0,0,0,0,0,0,29,51,0,0,0,758,0,0,0,4
13121010603,0,4,0,1,37,0,0,2,1,3,3,0,10,2,0,0,1,0,7,7,0,0,13,3,0,0,0,367,0,0,0,0
13121010604,0,7,1,1,16,0,0,6,1,9,4,0,1,1,0,1,4,0,11,1,1,0,8,1,0,0,0,563,0,0,0,0
13121010800,0,17,16,18,130,0,0,31,5,8,6,0,10,1,0,0,5,0,19,0,0,1,27,118,0,0,0,1658,108,0,0,47
13121011000,0,10,1,6,25,0,0,1,0,0,3,0,1,1,0,0,6,0,6,1,0,0,7,128,0,0,2,574,37,17,0,0
13121011100,1,12,3,8,24,1,0,6,0,1,0,0,3,0,0,0,8,0,21,1,0,1,4,72,0,0,0,1003,14,0,0,65
13121011201,5,1,1,2,32,0,0,1,1,0,2,0,4,1,0,0,5,0,18,0,0,1,7,68,0,0,0,1089,0,0,0,120
13121011202,0,26,6,21,77,0,0,9,0,0,3,0,16,1,0,0,3,0,3,0,0,1,36,140,0,0,0,1519,19,0,0,42
13121011301,0,2,1,0,10,0,0,1,1,0,2,0,0,0,0,0,0,0,0,0,0,0,0,12,0,0,0,1910,0,0,0,0
13121011303,0,3,3,2,10,0,0,2,0,0,2,0,4,2,0,0,0,0,0,0,0,0,14,29,0,0,0,1745,0,1,0,0
13121011305,0,1,0,0,14,0,0,3,0,1,5,0,2,0,0,0,0,0,0,0,0,0,7,2,0,0,0,392,176,0,0,13
13121011306,1,1,0,3,19,0,0,5,0,4,3,0,3,7,0,0,0,0,9,0,0,1,4,0,0,0,0,457,0,0,0,14
13121011405,7,116,0,23,59,0,0,14,1,2,3,1,6,7,0,0,0,0,13,0,0,0,10,28,0,0,0,1254,227,0,0,273
13121011410,30,31,0,2,15,0,0,1,0,0,0,0,0,4,0,1,0,0,0,0,0,0,3,0,0,0,0,1778,208,0,0,154
13121011411,11,5,0,1,3,0,0,3,0,1,2,0,1,3,0,0,0,0,0,0,0,0,2,3,0,0,0,1978,192,0,0,199
13121011412,7,78,5,1,12,0,1,6,1,3,4,1,0,9,0,0,0,0,1,0,0,0,3,0,0,0,0,2325,0,0,0,232
13121011414,1,5,0,1,9,0,0,1,1,0,0,0,0,2,0,0,0,0,1,0,0,0,7,1,0,0,0,1243,0,0,0,370
13121011416,5,235,0,2,25,0,0,6,0,0,0,0,1,6,0,1,0,0,0,0,0,0,0,0,0,0,0,1822,115,0,0,80
13121011417,4,98,0,5,9,0,0,6,2,0,2,0,0,7,0,0,0,0,0,0,0,0,0,0,0,0,0,1446,192,0,0,165
13121011418,20,21,0,43,31,4,0,6,0,0,0,0,3,1,0,1,0,0,1,0,0,0,1,2,0,0,0,2165,16,0,0,95
13121011419,7,111,0,16,26,19,1,9,0,0,1,0,1,4,0,1,0,0,2,0,0,0,2,4,0,0,0,1393,340,0,0,610
13121011420,0,23,0,0,3,0,0,2,0,3,0,0,0,0,0,0,0,0,0,0,0,0,5,0,0,0,0,271,0,0,0,343
13121011421,1,240,4,4,63,0,0,6,0,2,4,0,4,7,0,0,0,0,11,0,0,0,27,1,0,0,0,150,0,0,0,454
13121011422,1,5,0,7,7,0,0,0,0,0,0,0,0,2,0,1,0,0,2,0,0,0,3,2,0,0,0,741,335,0,0,122
13121011423,3,1,0,3,11,0,0,2,0,0,1,0,0,0,0,1,0,0,0,0,0,0,2,1,0,0,0,1624,104,0,0,0
13121011424,4,3,0,0,2,0,0,1,0,0,0,0,0,2,0,0,0,0,0,0,0,0,3,0,0,0,0,1499,339,0,0,270
13121011425,4,1,0,0,3,0,0,0,0,0,0,0,0,2,0,0,0,0,0,0,0,0,1,1,0,0,0,2021,0,0,0,0
13121011426,5,0,0,0,1,0,0,0,0,0,0,0,0,0,0,0,0,0,0,0,0,0,0,0,0,0,0,765,0,0,0,0
13121011427,3,13,0,1,6,0,0,0,0,0,2,0,0,5,0,1,0,0,0,0,0,0,0,1,0,0,0,2903,0,1,0,145
13121011503,28,80,0,6,18,0,0,1,1,0,1,0,0,3,0,3,0,0,1,0,0,0,0,2,0,0,0,3456,1,0,0,63
13121011504,22,5,0,3,6,0,0,0,0,0,1,0,0,1,0,1,0,0,3,0,0,0,0,0,0,0,0,4446,0,0,0,0
13121011505,4,1,0,0,8,0,0,2,0,0,1,0,0,1,0,0,0,0,0,0,0,0,0,1,0,0,0,1307,91,0,0,1
13121011506,1,40,0,0,1,0,0,1,0,0,0,0,0,4,0,0,0,0,0,0,0,0,0,1,0,0,0,2197,0,0,0,0
13121011610,9,5,0,0,21,3,0,4,0,0,0,0,0,1,0,1,0,0,2,1,0,0,2,4,0,0,0,1442,117,1,0,102
13121011611,10,391,15,26,73,2,3,37,0,5,4,0,8,5,0,1,1,0,41,7,0,0,12,60,0,0,0,912,325,0,0,566
13121011612,4,3,0,1,10,0,0,5,0,0,1,0,0,1,0,0,0,0,0,0,0,0,0,0,0,0,0,1149,38,0,0,24
13121011613,7,2,0,0,15,0,0,0,0,0,1,0,0,2,0,0,0,0,0,0,0,0,1,0,0,0,0,1725,51,0,0,379
13121011614,19,21,3,1,38,0,1,7,1,7,3,0,4,7,0,0,0,0,2,0,0,0,4,0,0,0,0,2245,574,0,0,1481
13121011615,17,78,2,3,36,0,0,4,0,0,1,0,5,5,0,0,0,0,1,0,0,0,0,4,0,0,0,2947,195,0,0,430
13121011616,9,21,9,3,10,0,0,8,1,3,2,0,5,2,0,0,0,0,1,0,0,0,3,24,0,0,0,489,450,4,0,387
13121011617,14,196,2,0,19,0,0,7,0,2,1,0,0,3,0,0,0,0,0,0,0,0,0,0,0,0,0,2017,70,0,0,300
13121011618,8,23,8,0,0,0,0,4,0,2,1,0,0,0,0,0,1,0,0,0,0,0,1,0,0,0,0,1031,0,0,0,189
13121011619,8,214,8,2,23,0,0,8,0,1,5,0,3,7,0,2,0,0,0,0,0,0,4,0,0,0,0,1026,274,0,0,2
13121011620,10,38,0,0,11,0,0,1,0,0,3,0,0,10,0,1,0,0,0,0,0,0,1,1,0,0,0,2945,0,0,0,101
13121011621,20,31,9,9,4,0,0,1,0,2,1,0,2,3,0,0,5,0,1,0,0,0,2,0,0,0,0,1785,5,0,0,0
13121011622,17,43,6,2,6,0,0,2,0,2,1,0,0,3,0,0,3,0,1,0,0,0,0,1,0,0,0,3189,67,0,0,92
13121011623,8,16,0,0,2,0,0,4,0,0,1,0,0,7,0,0,0,0,0,0,0,0,3,0,0,0,0,2562,57,0,0,639
13121011624,0,1,0,0,3,0,0,0,0,0,0,0,0,0,0,0,0,0,0,0,0,0,0,0,0,0,0,1197,0,0,0,0
13121011625,10,51,0,1,12,30,0,2,0,0,1,0,0,6,0,1,0,0,0,0,0,0,0,1,0,0,0,1819,2,0,0,174
13121011626,1,7,0,0,12,0,0,0,1,0,0,0,0,5,0,0,0,0,0,0,0,0,1,0,0,0,0,2005,0,0,0,52
13121011800,0,20,2,4,62,0,0,2,2,0,2,0,6,0,0,0,7,0,10,9,0,0,58,28,0,0,0,319,20,0,0,1
13121011900,0,24,22,0,64,9,0,5,1,12,1,0,61,1,0,1,3,0,2,2,0,1,15,8,0,0,0,49,491,0,0,42
13121012000,0,3,0,2,29,0,0,1,1,2,2,0,14,0,0,0,3,0,4,1,0,0,41,36,0,0,0,450,139,0,0,75
13121012300,3,8,3,16,72,0,0,6,0,12,3,0,7,2,0,1,7,0,25,7,0,0,36,88,0,0,0,740,21,0,0,12
13121980000,0,1,1,0,0,0,0,0,0,1,0,0,1,0,0,0,1,0,0,1,0,1,0,0,0,0,0,0,0,0,0,0
13135050103,0,0,0,5,36,0,0,0,0,0,7,0,0,0,0,0,0,35,7,1,0,0,1,13,1,3,0,3615,37,344,0,95
13135050105,0,8,0,25,125,0,0,13,2,0,7,0,0,0,0,1,4,79,38,5,0,10,2,16,0,6,0,1392,1,107,0,0
13135050106,0,21,0,14,198,0,0,28,1,7,10,0,0,2,0,1,3,52,11,1,0,3,6,113,0,2,0,2741,1,320,0,0
13135050107,0,1,0,1,13,0,0,3,0,0,3,0,0,1,0,1,0,1,0,0,0,0,0,0,0,0,0,2683,0,30,0,122
13135050108,0,0,0,1,6,0,0,2,0,0,1,0,0,0,0,0,1,2,0,0,0,0,0,0,0,0,0,3381,0,16,0,0
13135050109,0,1,0,1,13,0,0,1,0,0,0,0,0,0,0,0,0,9,0,0,0,0,5,2,1,3,0,2183,0,13,0,105
13135050205,0,5,0,4,82,0,0,9,0,0,1,0,1,1,0,0,0,15,8,2,0,0,4,0,0,1,0,750,2,3,0,324
13135050208,0,0,0,0,10,0,0,6,0,0,2,0,0,0,0,0,0,7,0,0,0,0,1,0,0,1,0,1584,0,3,0,200
13135050209,0,40,0,1,110,0,0,2,2,0,3,0,0,0,0,1,10,16,0,0,0,1,2,0,0,1,0,1951,99,1,0,282
13135050210,0,12,0,9,140,0,0,5,1,0,4,0,1,0,1,1,4,102,14,3,0,0,6,0,0,1,0,1739,0,7,0,16
13135050211,0,8,0,3,60,0,0,8,1,1,3,0,0,3,0,0,0,1,0,0,0,0,6,3,0,0,0,558,0,1,0,140
13135050212,0,6,0,2,174,0,0,7,0,0,1,0,0,0,0,0,0,2,1,0,0,0,0,0,0,0,0,4398,2,4,0,12
13135050213,0,6,0,5,221,0,0,7,1,1,7,0,0,2,1,1,3,72,20,2,0,0,0,0,0,0,0,3930,1,12,0,18
13135050214,0,51,0,7,111,0,0,4,0,0,4,0,0,1,0,2,0,21,4,1,0,0,1,9,0,1,0,3043,0,7,0,123
13135050215,0,6,0,3,89,0,3,23,3,9,5,3,0,1,0,0,3,34,3,3,0,1,0,0,0,2,0,389,0,1,0,0
13135050216,0,16,0,0,114,0,0,6,0,2,3,0,0,0,0,0,2,24,0,1,0,0,3,0,0,0,0,3006,1,3,0,0
13135050217,0,6,0,8,52,0,0,5,0,2,6,0,0,0,0,0,0,6,0,0,0,1,4,0,0,0,0,2637,58,12,0,150
13135050218,0,2,0,3,33,0,0,4,0,0,2,0,0,0,0,0,1,3,0,0,0,0,7,31,0,2,0,1232,0,14,0,0
13135050219,0,8,0,6,69,0,0,6,0,0,0,0,0,0,0,0,1,3,1,0,0,0,1,0,0,1,0,975,1,2,0,197
13135050220,0,6,0,4,106,0,0,9,0,0,2,0,0,0,0,0,1,9,0,0,0,0,5,0,0,0,0,623,118,0,0,130
13135050304,0,11,0,16,72,0,0,3,0,2,2,0,0,1,0,0,4,124,8,3,0,1,5,26,1,1,0,682,0,7,0,52
13135050306,0,4,0,16,81,0,0,8,3,3,6,0,0,1,2,0,9,156,3,7,0,1,1,1,0,0,0,918,0,17,0,0
13135050308,0,3,0,0,27,0,0,8,0,1,2,0,0,0,0,0,0,1,1,0,0,0,0,0,0,0,0,1229,0,0,0,0
13135050309,0,25,0,4,125,0,0,2,1,1,6,0,0,0,1,1,15,117,15,3,0,1,3,0,0,0,0,2656,0,2,0,44
13135050310,0,30,0,8,154,0,0,11,0,7,4,0,0,2,0,2,2,20,1,2,0,0,32,0,0,4,0,1012,483,0,0,538
13135050311,0,32,0,19,94,0,0,12,0,5,3,0,0,1,0,2,0,53,2,1,0,1,0,1,0,1,0,1123,0,141,0,203
13135050313,0,6,0,10,41,0,0,1,0,0,2,1,0,0,0,0,2,17,1,1,0,0,16,18,0,0,0,2478,79,2,0,7
13135050314,0,0,0,1,16,0,0,0,0,0,2,0,0,0,0,0,1,16,0,0,0,0,3,2,0,0,0,1901,0,190,0,0
13135050315,0,0,0,0,0,0,0,0,0,0,0,0,0,0,0,0,0,0,0,0,0,0,6,0,0,1,0,549,1,0,0,288
13135050317,0,1,0,1,9,0,0,7,0,4,2,0,0,0,0,0,0,6,0,0,0,0,39,0,0,2,0,110,239,0,0,0
13135050318,0,0,0,1,11,0,0,3,0,0,0,0,0,0,0,0,0,0,0,0,0,0,30,0,0,0,0,14,73,0,0,57
13135050319,0,3,0,10,22,0,0,4,0,2,4,0,0,0,0,0,0,19,6,2,0,0,7,121,0,4,0,932,142,1,0,239
13135050320,0,1,0,17,29,0,0,4,1,3,3,1,0,0,0,0,0,30,14,2,0,0,2,28,0,2,0,908,0,0,0,0
13135050321,0,0,0,0,12,0,0,0,0,0,1,0,0,0,0,0,0,1,0,0,0,0,0,0,0,0,0,1519,0,0,0,32
13135050322,0,0,0,0,0,0,0,0,0,0,0,0,0,0,0,0,0,0,0,0,0,0,0,0,0,0,0,1571,0,0,0,0
13135050410,0,5,0,10,55,0,0,5,1,0,7,0,0,0,0,1,15,12,1,1,0,0,25,52,0,31,0,1461,0,7,0,0
13135050415,0,6,0,7,36,0,0,8,0,0,4,0,0,0,0,0,0,17,4,1,0,0,0,3,0,0,0,1565,0,11,0,0
13135050416,0,0,0,1,3,0,0,0,0,0,2,0,0,0,0,0,0,0,0,0,0,0,0,3,0,0,0,1055,0,274,0,0
13135050417,0,1,0,5,25,0,0,7,0,2,1,0,0,0,0,0,0,53,0,1,0,0,11,2,0,0,0,657,80,1,0,52
13135050418,0,0,0,0,7,0,0,0,0,0,2,0,0,0,0,0,0,1,0,0,0,0,6,3,0,1,0,568,162,0,0,154
13135050419,0,5,0,6,29,0,0,3,1,0,1,0,0,0,0,0,0,1,0,0,0,0,2,1,0,3,0,1526,37,2,0,255
13135050421,0,21,0,2,38,0,0,7,0,7,7,0,0,2,0,0,0,75,1,1,0,1,16,154,0,1,0,983,14,4,0,185
13135050422,0,0,0,1,5,0,0,0,0,0,2,0,0,0,0,0,0,1,0,0,0,0,26,181,0,2,0,1092,49,0,0,114
13135050423,0,7,0,2,50,0,0,1,0,0,0,0,0,0,0,0,1,59,0,0,0,0,33,13,0,0,0,1605,1,0,0,143
13135050424,0,1,0,3,28,0,0,7,0,2,6,0,0,0,0,1,1,35,1,0,0,1,22,0,0,5,0,1255,17,0,0,139
13135050425,0,0,0,1,2,0,0,0,0,0,1,0,0,0,0,0,0,3,0,0,0,0,0,21,0,0,0,1908,0,2,0,0
13135050426,0,3,0,8,16,0,0,2,0,0,1,0,0,0,0,0,0,2,1,0,0,0,0,0,0,0,0,2446,0,2,0,0
13135050427,0,2,0,1,14,0,0,1,0,0,0,0,0,0,0,0,0,13,1,0,0,0,0,35,0,0,0,1897,0,1,0,0
13135050428,0,0,0,4,19,0,0,0,0,0,3,0,0,0,0,0,0,41,1,0,0,0,0,3,0,0,0,2166,0,0,0,0
13135050429,0,3,0,2,14,0,0,0,0,0,2,0,0,1,0,1,0,1,0,0,0,0,0,1,0,0,0,2512,0,3,0,0
13135050430,0,12,0,14,37,0,0,15,0,4,5,0,0,0,0,2,0,8,0,3,0,0,0,53,0,1,0,1521,0,189,0,0
13135050431,0,3,0,3,17,0,0,5,0,0,5,0,0,1,0,1,3,9,0,0,0,0,4,21,0,2,0,1300,92,169,0,20
13135050432,0,1,0,2,12,0,0,1,0,0,1,0,0,0,0,0,0,0,0,0,0,1,0,0,0,0,0,1914,0,3,0,175
13135050433,0,0,0,0,2,0,0,0,0,0,1,0,0,0,0,0,0,0,0,0,0,0,1,22,0,0,0,483,0,0,0,0
13135050434,0,4,0,11,23,0,0,3,0,0,4,0,0,0,0,0,0,0,0,0,0,0,9,21,0,1,0,661,0,0,0,234
13135050435,0,19,0,10,75,0,0,7,2,0,2,0,0,1,0,0,0,9,0,2,0,0,1,16,0,2,0,815,0,3,0,98
13135050436,0,11,0,8,50,0,0,9,1,0,4,0,0,0,0,2,0,11,0,0,0,0,2,19,0,1,0,1482,3,214,0,0
13135050511,0,7,0,2,75,0,0,5,1,2,2,0,0,0,0,1,3,52,4,1,0,2,5,0,0,0,0,2624,0,338,0,131
13135050520,0,9,0,46,153,0,0,16,0,0,5,0,0,3,1,2,2,40,2,2,0,0,10,170,0,10,0,815,106,10,0,0
13135050521,0,12,0,37,104,0,0,13,2,1,4,0,0,5,0,0,0,6,0,2,0,0,31,190,0,3,0,1227,32,0,0,0
13135050522,0,4,0,12,33,0,0,5,2,0,1,0,0,0,0,0,1,3,2,1,0,0,1,121,0,0,0,1093,76,8,0,36
13135050523,0,16,0,2,39,0,0,14,1,3,5,0,0,2,0,1,1,31,15,9,0,0,5,0,0,0,0,1078,0,20,0,36
13135050524,0,1,0,4,68,0,0,4,0,0,2,0,0,0,0,0,0,1,0,0,0,0,4,0,0,0,0,1134,14,1,0,344
13135050525,0,36,0,1,10,0,0,2,0,0,0,0,0,1,0,0,3,21,0,0,0,1,1,0,0,0,0,2741,0,2,0,98
13135050526,0,1,0,3,8,0,0,1,0,0,1,0,0,0,0,0,0,5,0,0,0,0,1,1,0,0,0,785,204,0,0,0
13135050527,0,0,0,0,7,0,0,0,0,0,1,0,0,0,0,0,0,0,0,0,0,0,0,0,0,0,0,2035,0,1,0,0
13135050528,0,0,0,0,2,0,0,1,0,0,1,0,0,0,0,1,0,3,0,0,0,0,0,0,0,0,0,1710,0,0,0,0
13135050529,0,6,0,1,21,0,0,9,0,2,4,0,0,0,0,0,4,24,0,0,0,0,0,122,0,0,0,1043,109,2,0,56
13135050530,0,3,0,0,3,0,0,0,0,0,0,0,0,0,0,0,0,0,0,0,0,0,0,0,0,0,0,1832,209,1,0,0
13135050531,0,0,0,5,3,0,0,0,0,0,2,0,0,0,0,2,0,1,0,1,0,0,1,0,0,0,0,2331,0,4,0,0
13135050532,0,2,0,5,18,0,0,0,0,0,2,0,0,0,0,0,0,6,0,1,0,0,17,30,0,0,0,2372,0,9,0,125
13135050533,0,2,0,3,12,0,0,1,0,0,2,0,0,0,0,1,0,2,0,0,0,0,8,123,0,0,0,2335,0,5,0,51
13135050534,0,0,0,2,20,0,0,1,0,0,5,1,0,0,0,0,0,5,8,0,0,0,0,0,0,1,0,2134,0,13,0,157
13135050535,0,2,0,5,43,0,0,4,1,0,2,0,0,1,0,0,0,3,0,0,0,0,0,1,0,0,0,2347,0,4,0,24
13135050536,0,34,0,3,34,0,0,11,0,0,6,0,0,0,1,0,2,35,0,3,0,0,2,95,0,1,0,1466,0,1,0,110
13135050537,0,0,0,0,6,0,0,0,0,0,0,0,0,0,0,0,1,12,0,2,0,0,3,0,0,3,0,251,0,0,0,0
13135050538,0,1,0,1,22,0,0,1,0,0,1,0,0,0,0,1,0,0,0,0,0,0,0,0,0,0,0,2453,0,1,0,0
13135050539,0,1,0,0,5,0,0,0,0,0,1,0,0,0,0,0,0,0,0,0,0,0,31,0,0,0,0,1059,0,0,0,213
13135050540,0,14,0,8,39,0,0,6,1,2,3,0,0,1,0,0,0,4,1,0,0,0,5,87,0,0,0,1253,0,0,0,0
13135050541,0,0,0,0,0,0,0,0,0,0,0,0,0,0,0,0,0,0,0,0,0,0,6,0,0,0,0,44,0,0,0,25
13135050542,0,5,0,0,39,0,0,18,0,9,5,0,0,1,0,0,0,8,0,0,0,0,4,0,0,3,0,545,44,1,0,0
13135050543,0,1,0,5,17,0,0,2,1,0,4,1,0,0,0,1,1,10,1,0,0,0,0,2,0,1,0,2474,0,6,0,62
13135050544,0,11,0,7,29,0,0,10,0,0,7,0,0,2,0,2,0,3,1,0,0,0,40,14,0,0,0,3770,0,3,0,38
13135050545,0,0,0,8,38,0,0,2,0,1,4,0,0,0,0,0,3,31,4,3,0,2,2,5,0,1,0,4112,0,14,0,0
13135050546,0,1,0,7,18,0,0,1,0,0,4,0,0,0,0,0,0,3,11,0,0,0,2,31,0,0,0,5373,0,167,0,0
13135050547,0,3,0,4,9,0,0,0,0,0,1,0,0,0,0,1,1,1,1,0,0,0,0,0,0,0,0,2800,0,8,0,0
13135050548,0,5,0,3,42,0,0,2,2,0,5,0,0,0,1,0,8,102,14,4,0,7,0,0,0,0,0,3073,0,9,0,68
13135050549,0,2,0,1,7,0,0,0,0,0,1,0,0,0,0,0,0,0,0,0,0,0,0,0,0,0,0,1649,0,1,0,0
13135050605,0,4,0,0,20,0,0,1,0,0,5,0,0,1,0,0,0,0,0,0,0,0,0,0,0,1,0,4637,0,13,0,72
13135050606,0,10,0,2,69,0,2,11,0,0,4,3,0,0,0,0,2,3,1,0,0,1,1,1,0,0,0,7881,0,40,0,43
13135050607,0,7,0,2,29,0,0,9,0,2,2,0,0,0,1,1,1,2,2,0,0,1,0,0,0,0,0,5754,0,29,0,0
13135050608,0,1,0,4,40,0,0,4,1,0,7,0,0,0,0,0,1,10,1,2,0,0,0,4,0,0,0,6580,0,78,0,0
13135050609,0,9,0,1,27,0,0,8,1,0,5,0,0,0,0,2,0,0,0,2,0,0,0,1,0,1,0,4334,0,55,0,119
13135050610,0,20,0,3,47,0,0,2,0,0,2,0,0,0,0,1,0,0,0,2,0,0,0,0,0,0,0,5453,0,28,0,0
13135050709,0,1,0,1,10,0,0,1,0,0,2,0,0,0,0,0,0,1,0,1,0,0,2,0,0,0,0,4257,0,182,0,0
13135050712,0,2,0,2,12,0,0,6,0,0,2,0,0,0,0,0,0,0,0,0,0,0,0,0,0,0,0,2539,0,4,0,0
13135050713,0,2,0,0,3,0,0,0,0,0,0,0,0,0,0,1,0,1,0,0,0,0,0,1,0,0,0,2461,0,1,0,0
13135050714,0,4,0,7,21,0,0,8,1,0,1,0,0,0,0,0,0,6,1,0,0,0,1,0,0,0,0,1938,0,3,0,0
13135050715,0,12,0,3,46,0,0,1,0,0,2,0,0,0,0,1,0,5,1,0,0,0,0,0,0,0,0,1805,0,7,0,0
13135050718,0,26,0,8,83,0,0,16,3,2,3,0,1,3,0,1,0,1,1,0,0,1,1,2,0,0,0,2995,0,9,0,0
13135050719,0,25,0,18,34,0,0,7,0,0,4,0,0,0,0,0,0,2,0,1,0,0,142,87,0,7,0,1287,0,5,0,205
13135050720,0,42,0,9,60,0,0,13,0,0,2,0,0,0,0,1,0,8,0,0,0,0,0,4,0,0,0,2654,0,4,0,0
13135050721,0,5,0,7,52,0,0,4,0,0,3,0,0,1,0,0,0,3,0,0,0,0,0,32,0,0,0,3092,0,3,0,0
13135050722,0,3,0,1,9,0,0,3,0,0,2,0,0,0,0,0,0,1,0,0,0,0,0,0,0,0,0,1107,0,1,0,0
13135050723,0,0,0,2,19,0,0,4,1,1,1,0,0,0,0,1,0,1,1,1,0,0,1,0,0,0,0,2580,0,6,0,0
13135050724,0,8,0,23,82,0,0,10,0,0,7,0,0,2,0,1,0,7,1,0,0,0,3,6,0,0,0,5976,0,78,0,4
13135050725,0,1,0,5,24,0,0,0,0,0,3,0,0,0,0,0,0,24,3,0,0,0,0,31,0,0,0,1931,0,4,0,0
13135050726,0,0,0,0,7,0,0,0,0,0,0,0,0,0,0,0,0,2,0,0,0,0,0,0,0,0,0,3552,0,15,0,0
13135050727,0,4,0,2,23,0,0,1,0,0,1,0,0,0,0,1,0,10,3,0,0,0,0,2,0,0,0,3657,0,12,0,0
13135050728,0,0,0,4,12,0,0,0,0,0,4,0,0,0,0,0,0,12,1,0,0,0,0,1,0,0,0,5192,0,15,0,0
13135050729,0,0,0,0,9,0,0,6,0,1,3,0,0,1,0,0,0,0,0,0,0,0,1,0,0,2,0,884,0,0,0,0
13135050730,0,1,0,2,19,0,0,1,1,0,2,0,0,0,0,1,0,10,0,2,0,0,0,0,0,0,0,2367,0,179,0,0
13135050731,0,4,0,4,41,0,0,4,0,1,0,0,0,0,0,0,1,11,1,1,0,0,0,0,0,0,0,3355,0,18,0,0
13151070104,4,17,0,0,32,0,0,9,2,5,10,7,0,8,0,1,0,0,38,0,0,0,22,41,0,2,0,3907,0,4,0,255
13151070106,1,7,0,0,19,0,0,6,0,1,2,1,0,7,0,0,0,0,7,1,0,0,4,32,0,0,0,2035,0,48,0,0
13151070107,1,1,0,0,2,0,0,1,1,0,2,0,0,3,0,0,0,0,1,0,0,0,2,0,0,0,0,2463,28,11,0,0
13151070108,1,10,0,0,29,0,0,6,1,0,3,2,0,9,0,1,0,0,3,0,0,0,2,60,0,0,0,1698,0,17,0,0
13151070109,3,0,0,0,2,0,0,0,0,0,0,0,0,0,0,0,0,0,0,0,0,0,0,1,0,0,0,1271,0,5,0,0
13151070110,5,1,0,0,3,0,0,0,0,0,2,0,0,0,0,0,0,0,1,0,0,0,0,1,0,0,0,2851,0,31,0,0
13151070111,0,9,0,0,28,0,0,6,1,0,5,1,0,8,0,0,3,0,20,0,0,0,11,40,0,2,0,2659,0,8,0,0
13151070113,0,30,0,0,60,0,0,6,2,0,5,9,0,6,0,1,2,0,4,0,0,0,0,4,0,0,0,1790,0,9,0,102
13151070114,0,147,0,0,60,0,0,13,0,2,3,8,0,8,0,0,33,0,38,1,0,4,7,3,0,7,0,811,0,7,0,0
13151070202,19,3,0,0,8,0,0,0,0,0,3,0,0,0,0,1,0,0,1,0,0,0,0,4,0,0,0,4008,0,21,0,0
13151070203,17,2,0,0,6,0,0,2,0,0,1,0,0,0,0,0,1,0,2,0,0,0,6,2,0,1,0,6219,0,38,0,0
13151070204,4,1,0,0,7,0,0,1,0,0,3,0,0,0,0,1,0,0,0,0,0,0,2,0,0,0,0,1824,0,61,0,0
13151070205,4,5,0,0,15,0,0,4,0,0,3,4,0,7,0,0,2,0,3,0,0,0,0,1,0,1,0,3019,0,397,0,0
13151070304,2,105,0,0,153,0,0,27,1,8,11,15,0,13,0,0,18,0,34,1,0,12,9,26,0,5,0,2985,0,13,0,326
13151070305,5,4,0,0,23,0,0,17,0,4,3,13,0,1,0,0,0,0,2,0,0,0,1,0,0,1,0,3826,0,12,0,0
13151070306,2,19,0,0,41,0,0,14,0,13,8,18,0,5,0,0,7,0,22,1,0,27,2,0,1,3,0,3451,0,5,0,152
13151070307,2,8,0,0,11,0,0,1,0,0,1,0,0,2,0,0,0,0,0,0,0,0,0,1,0,0,0,1980,0,1,0,67
13151070309,0,13,0,0,30,11,0,2,0,0,3,6,0,0,0,1,9,0,5,0,0,2,0,0,0,0,0,2662,69,3,0,0
13151070310,0,11,0,0,53,0,0,5,0,0,5,1,0,6,0,0,2,0,8,0,0,0,1,8,0,1,0,2378,0,9,0,0
13151070311,0,30,0,0,48,30,0,10,1,1,7,10,0,3,0,3,5,0,20,0,0,0,5,15,0,9,0,2305,0,6,0,591
13151070402,16,3,0,0,10,0,0,1,0,0,4,0,0,0,0,0,0,0,1,0,0,0,3,0,0,0,0,4107,0,96,0,0
13151070403,12,5,0,0,20,0,0,0,0,0,2,0,0,1,0,0,4,0,5,0,0,4,1,1,0,0,0,3735,0,383,0,0
13151070404,19,37,0,0,46,0,0,13,1,8,12,12,0,1,0,1,13,0,16,3,0,25,1,1,0,2,0,3092,0,20,0,40
13151070501,1,9,0,0,23,46,0,3,0,2,3,2,0,2,0,0,17,0,15,3,0,0,0,22,0,1,0,2306,0,292,0,0
13151070502,28,43,0,0,27,0,0,1,0,0,7,1,0,2,0,1,2,0,7,0,0,0,5,16,0,1,0,5698,21,106,0,12
13247060101,0,0,0,0,0,0,0,0,0,0,0,0,0,0,0,0,0,0,0,0,0,0,0,0,0,0,0,458,3,17,0,0
13247060102,0,0,0,0,0,0,0,0,0,0,0,0,0,0,0,0,0,0,0,0,0,0,0,0,0,0,0,621,0,106,0,0
13247060201,0,0,0,0,0,0,0,0,0,0,0,0,0,0,0,0,7,0,0,0,0,0,0,0,0,0,0,250,0,878,0,0
13247060202,0,0,0,0,0,0,0,0,0,0,0,0,0,0,0,0,0,0,0,0,0,0,0,2,0,0,0,933,0,15,0,0
13247060304,0,0,0,0,0,0,0,0,0,0,0,0,0,0,0,0,4,0,0,0,0,0,4,33,0,0,0,711,0,5,1,0
13247060305,0,0,0,0,8,0,0,0,0,0,0,0,0,0,0,0,42,0,0,0,0,0,220,171,0,0,0,5038,0,26,0,0
13247060306,0,0,0,0,0,0,0,0,0,0,0,0,0,0,0,0,1,0,0,0,0,0,0,0,0,0,0,400,0,1,0,0
13247060307,0,0,0,0,0,0,0,0,0,0,0,0,0,0,0,0,0,0,0,0,0,0,2,175,0,0,0,1405,0,7,0,0
13247060308,0,0,0,0,1,0,0,0,0,0,0,0,0,0,0,0,4,0,0,0,0,0,2,89,0,0,0,723,0,3,0,0
13247060309,0,0,0,0,1,0,0,0,0,0,0,0,0,0,0,0,192,0,0,0,0,0,47,325,0,0,0,5138,0,34,1,4
13247060403,0,0,0,0,0,0,0,0,0,0,0,0,0,0,0,0,0,0,0,0,0,0,0,0,0,0,0,410,0,14,0,0
13247060404,0,0,0,0,3,0,0,0,0,0,0,0,0,0,0,0,34,0,0,0,0,0,4,2,0,0,0,8466,0,0,0,0
13247060405,0,0,0,0,0,0,0,0,0,0,0,0,0,0,0,0,0,0,0,0,0,0,0,0,0,0,0,684,0,8,0,0
13247060406,0,0,0,0,0,0,0,0,0,0,0,0,0,0,0,0,0,0,0,0,0,0,0,0,0,0,0,651,0,3,0,0
13247060407,0,0,0,0,0,0,0,0,0,0,0,0,0,0,0,0,0,0,0,0,0,0,0,0,0,0,0,488,0,0,0,0
